Event_Title,Location,Capacity,Date,Catering,Entertainment,Price
Birthday,Hyderabad,4628,2024-03-24,No,No,322955.96
Meetup,Ahmedabad,2968,2025-03-04,Yes,Yes,207819.2
Marriage,Chennai,4706,2025-11-04,No,Yes,345694.69
Corporate,Bhubaneswar,2312,2024-04-01,Yes,Yes,195473.33
Meetup,Bangalore,3654,2024-01-13,No,No,271912.57
Birthday,Bangalore,3561,2024-07-14,Yes,Yes,297989.13
Corporate,Chennai,242,2024-05-31,No,No,56377.83
Birthday,Kolkata,1250,2024-03-14,Yes,No,111169.08
Marriage,Ahmedabad,2747,2024-10-05,No,No,203084.37
Birthday,Pune,652,2024-02-18,Yes,No,77194.56
Birthday,Hyderabad,976,2024-06-19,Yes,No,101315.65
Meetup,Chennai,293,2025-03-01,No,No,34324.36
Meetup,Hyderabad,4513,2024-09-03,Yes,Yes,337066.15
Meetup,Cuttack,1064,2024-06-18,No,Yes,81704.73
Marriage,Bhubaneswar,1522,2024-09-19,No,No,135779.12
Marriage,Hyderabad,2911,2025-04-07,Yes,Yes,268410.82
Marriage,Kolkata,3096,2025-11-08,No,No,237943.73
Corporate,Cuttack,752,2024-08-08,No,No,79366.08
Meetup,Kolkata,1170,2024-11-27,Yes,Yes,113977.83
Meetup,Ahmedabad,3558,2025-03-01,Yes,No,228460.09
Birthday,Ahmedabad,1015,2024-11-14,Yes,No,92311.38
Marriage,Mumbai,770,2025-02-21,No,No,109797.94
Corporate,Hyderabad,2442,2025-04-05,No,No,201341.4
Birthday,Bhubaneswar,4621,2025-04-23,Yes,No,291272.68
Marriage,Chennai,1235,2025-08-01,Yes,No,141590.32
Marriage,Cuttack,4918,2024-06-28,Yes,Yes,325747.15
Marriage,Bhubaneswar,3912,2025-01-16,Yes,Yes,294675.07
Corporate,Pune,3972,2024-07-02,No,Yes,302081.8
Marriage,Mumbai,793,2024-12-28,No,No,111403.96
Meetup,Hyderabad,1914,2025-08-29,No,Yes,152957.68
Birthday,Cuttack,528,2024-07-06,No,Yes,60413.0
Marriage,Cuttack,3164,2025-01-01,Yes,Yes,236320.5
Marriage,Delhi,3378,2024-12-23,Yes,No,302760.23
Birthday,Bhubaneswar,2344,2024-06-05,No,Yes,162713.51
Marriage,Mumbai,3117,2024-02-04,No,No,286124.77
Meetup,Delhi,3522,2025-10-06,Yes,No,279168.86
Meetup,Bangalore,1640,2024-02-24,No,No,132578.9
Marriage,Pune,2865,2025-03-13,Yes,Yes,257646.9
Marriage,Delhi,1502,2025-12-03,Yes,Yes,184475.22
Corporate,Mumbai,266,2025-08-01,No,No,62432.9
Meetup,Bhubaneswar,113,2024-11-23,No,Yes,34731.45
Meetup,Hyderabad,4708,2024-12-20,Yes,No,337763.24
Birthday,Delhi,360,2025-01-01,Yes,No,61854.21
Birthday,Delhi,3251,2024-09-26,No,Yes,260906.09
Corporate,Mumbai,3736,2025-04-18,Yes,Yes,350051.23
Marriage,Pune,2022,2024-12-18,No,Yes,190479.85
Meetup,Bhubaneswar,4314,2024-02-12,Yes,Yes,280521.94
Birthday,Delhi,3988,2024-05-31,Yes,Yes,328846.91
Marriage,Pune,794,2024-07-23,No,No,102548.52
Birthday,Bangalore,1844,2025-12-28,No,No,151107.17
Meetup,Kolkata,1500,2025-07-09,No,Yes,119549.88
Meetup,Mumbai,3365,2025-05-11,No,Yes,282341.27
Corporate,Chennai,4206,2024-03-22,No,No,294662.03
Corporate,Ahmedabad,1725,2024-10-24,No,No,137569.61
Marriage,Hyderabad,1480,2025-09-23,Yes,Yes,174250.08
Meetup,Kolkata,4257,2025-04-05,Yes,Yes,298988.73
Birthday,Kolkata,1474,2024-12-09,No,Yes,123243.17
Birthday,Bhubaneswar,2645,2025-05-01,Yes,No,183330.31
Birthday,Cuttack,1536,2024-04-27,No,No,98201.74
Meetup,Pune,2666,2025-06-08,Yes,No,197639.66
Corporate,Delhi,4916,2024-10-03,No,No,385523.52
Corporate,Kolkata,2519,2024-01-02,No,Yes,205933.31
Corporate,Pune,745,2025-09-20,Yes,Yes,116367.67
Corporate,Bangalore,2285,2025-09-16,Yes,Yes,228163.56
Birthday,Mumbai,4371,2024-01-01,Yes,No,363907.86
Marriage,Bangalore,3259,2025-09-22,No,No,279663.73
Corporate,Hyderabad,2276,2025-10-01,No,No,189695.99
Corporate,Pune,2632,2025-06-10,No,No,206242.92
Birthday,Bangalore,2011,2024-09-07,No,No,162642.77
Birthday,Pune,1622,2024-03-27,Yes,Yes,151236.5
Meetup,Kolkata,3547,2024-08-20,Yes,No,243893.77
Corporate,Chennai,4440,2024-04-26,Yes,No,322448.71
Corporate,Kolkata,2520,2024-04-07,Yes,Yes,220470.09
Birthday,Cuttack,3481,2024-03-27,No,No,195095.64
Corporate,Bhubaneswar,623,2025-07-01,Yes,Yes,103479.85
Meetup,Cuttack,4427,2024-03-08,Yes,No,254057.53
Corporate,Delhi,1133,2024-02-25,No,No,120560.65
Meetup,Pune,1796,2024-03-12,No,Yes,141665.53
Corporate,Bhubaneswar,2588,2025-01-03,No,No,183653.29
Marriage,Pune,2417,2025-05-11,No,No,202489.71
Marriage,Hyderabad,1027,2024-01-08,No,No,119230.33
Meetup,Delhi,3403,2024-09-11,No,No,254767.03
Birthday,Hyderabad,3076,2024-06-12,No,Yes,234252.96
Corporate,Bangalore,1460,2025-06-28,Yes,No,158851.07
Corporate,Mumbai,4573,2025-11-05,No,Yes,397264.08
Birthday,Kolkata,190,2024-05-22,Yes,Yes,60885.31
Birthday,Hyderabad,635,2025-06-25,Yes,No,77651.76
Corporate,Pune,2661,2025-08-09,Yes,No,224221.67
Marriage,Hyderabad,4314,2024-04-07,Yes,No,346971.98
Birthday,Delhi,1110,2024-10-27,No,Yes,110804.53
Birthday,Bhubaneswar,3785,2024-08-15,No,No,230245.9
Meetup,Hyderabad,4653,2024-08-09,Yes,Yes,345663.69
Birthday,Ahmedabad,3091,2024-07-02,No,No,191658.93
Birthday,Cuttack,265,2024-07-06,Yes,No,49591.8
Marriage,Bhubaneswar,2325,2025-10-25,Yes,No,194734.54
Marriage,Cuttack,2541,2025-03-09,Yes,Yes,205903.19
Corporate,Delhi,1979,2024-12-03,No,Yes,193023.44
Birthday,Kolkata,4190,2024-05-12,No,No,273514.65
Corporate,Mumbai,1294,2025-09-30,No,No,139786.22
Meetup,Kolkata,1197,2024-04-02,Yes,No,104333.59
Corporate,Mumbai,2855,2024-03-10,No,Yes,267279.09
Corporate,Pune,4612,2025-01-02,Yes,No,344647.19
Birthday,Kolkata,300,2024-11-06,Yes,Yes,67161.98
Corporate,Bangalore,3229,2024-10-23,No,Yes,279559.23
Corporate,Mumbai,3034,2025-05-27,Yes,Yes,297013.48
Corporate,Kolkata,1370,2024-03-08,No,Yes,137144.98
Corporate,Bhubaneswar,742,2024-07-26,Yes,No,97827.78
Corporate,Pune,3892,2025-07-12,No,No,285901.0
Birthday,Cuttack,535,2025-03-16,Yes,No,63758.02
Corporate,Delhi,2265,2025-05-03,Yes,No,215045.54
Corporate,Bangalore,209,2025-10-26,Yes,Yes,84302.98
Meetup,Pune,4177,2025-11-05,No,No,278021.78
Marriage,Ahmedabad,515,2025-09-11,Yes,No,96201.13
Corporate,Delhi,2086,2024-07-28,No,Yes,199583.29
Marriage,Hyderabad,3160,2025-10-27,Yes,Yes,283444.25
Meetup,Bhubaneswar,1019,2024-01-06,No,Yes,85539.22
Birthday,Chennai,4390,2024-03-14,Yes,No,300980.17
Birthday,Kolkata,1268,2025-06-16,No,No,97514.92
Birthday,Hyderabad,1510,2024-02-11,Yes,Yes,147523.15
Marriage,Bhubaneswar,3279,2025-01-09,Yes,No,246587.88
Birthday,Pune,4817,2025-01-09,Yes,Yes,349258.17
Meetup,Pune,1321,2025-03-17,Yes,Yes,125678.26
Birthday,Hyderabad,3372,2025-11-06,Yes,Yes,268046.87
Birthday,Pune,4713,2025-08-20,Yes,Yes,343208.33
Corporate,Mumbai,1127,2024-12-14,No,No,126665.99
Marriage,Bangalore,3881,2024-04-24,Yes,Yes,351655.34
Corporate,Mumbai,433,2025-05-30,Yes,No,88580.0
Marriage,Bhubaneswar,51,2024-01-29,Yes,No,69210.55
Birthday,Hyderabad,190,2024-01-05,Yes,Yes,61427.13
Marriage,Cuttack,2681,2025-07-03,No,No,186712.47
Corporate,Pune,4429,2025-11-04,No,No,318332.12
Corporate,Mumbai,4783,2024-11-10,No,No,401561.69
Meetup,Cuttack,303,2025-04-22,No,Yes,43815.39
Birthday,Chennai,628,2024-01-25,Yes,Yes,85982.65
Meetup,Pune,3596,2025-05-02,Yes,Yes,269187.95
Birthday,Ahmedabad,4812,2025-02-26,Yes,No,302437.7
Marriage,Hyderabad,3290,2024-10-17,Yes,Yes,293417.1
Marriage,Cuttack,303,2025-05-14,No,No,67823.85
Birthday,Delhi,648,2025-05-11,Yes,Yes,94599.5
Marriage,Mumbai,2618,2024-01-07,No,No,247567.13
Corporate,Mumbai,3288,2024-06-06,Yes,No,303702.06
Meetup,Chennai,3198,2025-06-08,Yes,No,223424.34
Meetup,Kolkata,1433,2025-06-11,Yes,Yes,130173.94
Marriage,Mumbai,3979,2025-01-04,No,No,351319.82
Birthday,Cuttack,4910,2025-08-20,No,Yes,278830.5
Birthday,Mumbai,1554,2024-10-18,No,No,138419.31
Meetup,Hyderabad,2333,2024-03-08,Yes,No,184598.18
Meetup,Kolkata,1718,2024-01-19,No,No,119337.17
Marriage,Bhubaneswar,3812,2024-10-21,Yes,Yes,288439.23
Marriage,Kolkata,3549,2024-11-07,No,No,263983.06
Birthday,Kolkata,939,2025-08-30,Yes,No,93473.85
Meetup,Kolkata,299,2024-11-09,No,Yes,46456.97
Marriage,Mumbai,4212,2025-09-11,No,No,367309.25
Meetup,Chennai,3575,2025-07-17,Yes,No,246870.37
Meetup,Chennai,2599,2025-08-02,Yes,No,188200.87
Marriage,Mumbai,3581,2024-04-05,Yes,No,334853.99
Meetup,Kolkata,4563,2024-01-01,No,Yes,302311.25
Marriage,Cuttack,4758,2024-03-23,No,No,290352.51
Meetup,Kolkata,1354,2024-07-29,Yes,No,113233.43
Birthday,Kolkata,2179,2025-03-28,Yes,No,167790.01
Marriage,Pune,785,2025-11-25,Yes,No,115804.18
Marriage,Mumbai,2666,2024-12-12,No,No,252297.63
Birthday,Bhubaneswar,2713,2024-11-08,No,No,171630.62
Birthday,Mumbai,2372,2025-05-20,No,No,199836.72
Corporate,Bhubaneswar,2276,2025-04-27,No,Yes,179303.55
Meetup,Chennai,1761,2024-03-05,Yes,No,137851.83
Marriage,Delhi,2285,2025-12-24,Yes,No,227440.37
Birthday,Delhi,3488,2025-02-16,Yes,No,280872.11
Corporate,Hyderabad,3171,2025-12-13,No,Yes,260238.49
Meetup,Pune,1942,2024-11-03,Yes,Yes,165348.7
Meetup,Hyderabad,3176,2025-08-29,Yes,Yes,249831.38
Birthday,Mumbai,4281,2025-11-24,No,No,342984.16
Marriage,Bangalore,3985,2025-06-10,Yes,No,344957.04
Marriage,Mumbai,2949,2024-09-07,No,No,272364.43
Birthday,Delhi,4418,2025-06-30,Yes,No,345840.57
Marriage,Kolkata,1335,2025-04-24,No,Yes,144985.75
Meetup,Cuttack,3546,2024-06-23,No,No,194557.22
Marriage,Pune,4966,2024-05-10,No,No,361947.6
Birthday,Hyderabad,1534,2024-02-10,No,Yes,132948.22
Meetup,Ahmedabad,646,2024-12-06,Yes,Yes,78721.16
Meetup,Bangalore,1259,2025-11-23,Yes,Yes,132214.73
Meetup,Kolkata,1176,2025-04-18,No,No,87093.27
Birthday,Hyderabad,4505,2024-01-26,Yes,No,330703.24
Birthday,Hyderabad,3580,2024-05-21,No,No,255553.72
Meetup,Hyderabad,3488,2024-07-12,No,Yes,254823.52
Corporate,Hyderabad,822,2025-10-13,Yes,Yes,121748.14
Corporate,Bangalore,1903,2024-11-22,No,No,176175.82
Birthday,Pune,1592,2024-02-04,No,No,121223.3
Birthday,Ahmedabad,4610,2024-12-29,Yes,Yes,303350.62
Corporate,Chennai,2038,2024-05-10,Yes,No,179706.35
Corporate,Hyderabad,511,2024-08-09,No,Yes,86598.33
Marriage,Bangalore,3129,2024-12-18,No,No,271198.31
Corporate,Cuttack,2909,2025-08-19,No,No,188128.51
Corporate,Pune,2717,2025-10-13,No,Yes,223524.28
Birthday,Hyderabad,4891,2024-09-28,Yes,Yes,366774.13
Meetup,Pune,137,2024-03-14,No,Yes,36564.01
Corporate,Ahmedabad,2295,2024-08-25,Yes,Yes,195678.82
Birthday,Ahmedabad,3109,2025-04-04,No,Yes,205905.54
Corporate,Kolkata,3468,2024-08-10,No,Yes,262487.69
Meetup,Chennai,2862,2024-10-21,No,No,188317.0
Meetup,Bhubaneswar,3504,2024-03-08,Yes,No,223909.27
Corporate,Delhi,4024,2025-11-16,Yes,Yes,349715.96
Corporate,Chennai,4611,2025-07-31,Yes,Yes,345784.52
Marriage,Delhi,1272,2025-06-29,Yes,Yes,167289.58
Birthday,Bhubaneswar,2569,2025-10-31,Yes,Yes,190407.77
Corporate,Cuttack,3140,2024-01-11,No,Yes,210004.19
Birthday,Kolkata,789,2024-02-17,Yes,No,84094.32
Corporate,Chennai,4565,2025-01-05,Yes,Yes,343402.91
Corporate,Ahmedabad,3924,2025-06-07,Yes,No,272407.56
Meetup,Hyderabad,842,2025-12-14,Yes,Yes,98558.41
Corporate,Kolkata,4863,2025-05-24,Yes,Yes,360570.25
Birthday,Bhubaneswar,4835,2025-12-24,Yes,Yes,315134.42
Birthday,Bangalore,1877,2024-09-01,Yes,Yes,180116.6
Marriage,Bhubaneswar,234,2025-11-17,No,Yes,75940.5
Meetup,Cuttack,904,2025-10-14,Yes,No,76634.12
Marriage,Mumbai,4616,2024-11-26,No,No,398490.3
Meetup,Pune,1595,2025-08-09,Yes,Yes,143770.76
Corporate,Chennai,2389,2024-03-10,No,No,184349.18
Meetup,Mumbai,4421,2025-05-29,No,Yes,360679.21
Marriage,Kolkata,4753,2025-05-11,No,No,336668.43
Marriage,Chennai,365,2025-06-10,No,Yes,86155.27
Marriage,Hyderabad,62,2024-06-27,Yes,No,71614.75
Birthday,Pune,4185,2025-10-23,No,Yes,295215.01
Corporate,Hyderabad,2431,2024-09-19,Yes,Yes,226059.68
Birthday,Bhubaneswar,4464,2024-02-24,No,Yes,279549.3
Corporate,Kolkata,2305,2025-08-02,No,Yes,191848.85
Birthday,Delhi,4537,2025-04-02,Yes,Yes,366184.06
Marriage,Cuttack,1636,2025-05-20,No,Yes,145365.56
Birthday,Hyderabad,3336,2024-06-14,No,No,239164.99
Marriage,Cuttack,1484,2025-06-05,Yes,No,140400.15
Meetup,Delhi,3031,2024-01-17,No,No,228330.28
Corporate,Bangalore,1338,2024-02-06,Yes,Yes,162616.2
Birthday,Pune,2594,2025-10-27,No,Yes,195720.35
Birthday,Ahmedabad,3745,2024-05-12,Yes,No,243433.95
Marriage,Delhi,4516,2024-08-30,No,Yes,379366.58
Meetup,Hyderabad,3370,2024-05-09,Yes,Yes,263987.9
Birthday,Chennai,4935,2024-05-05,No,Yes,330254.14
Corporate,Cuttack,380,2024-11-08,No,Yes,72302.59
Meetup,Mumbai,4907,2024-03-01,Yes,No,400823.51
Marriage,Mumbai,2474,2024-02-02,No,Yes,249991.85
Corporate,Ahmedabad,2964,2024-09-19,No,Yes,218010.22
Meetup,Pune,4524,2025-03-27,No,Yes,312141.14
Marriage,Cuttack,3555,2024-01-11,No,Yes,240755.74
Meetup,Cuttack,4701,2025-03-16,Yes,No,267968.47
Corporate,Hyderabad,2250,2024-12-07,No,Yes,200130.82
Birthday,Delhi,1044,2025-10-29,Yes,Yes,121475.98
Corporate,Bangalore,4424,2024-11-15,No,Yes,363581.34
Meetup,Hyderabad,948,2024-05-22,Yes,Yes,105581.52
Birthday,Delhi,4216,2025-03-20,No,No,316997.12
Corporate,Bhubaneswar,1197,2024-10-27,Yes,Yes,135527.37
Meetup,Hyderabad,1036,2025-01-23,Yes,No,99651.15
Meetup,Pune,2773,2024-12-02,Yes,No,204809.85
Marriage,Ahmedabad,3946,2025-09-03,Yes,No,284974.25
Corporate,Bhubaneswar,4142,2024-05-24,Yes,Yes,297132.04
Meetup,Ahmedabad,125,2025-04-02,Yes,Yes,50272.65
Birthday,Kolkata,523,2024-05-14,No,No,53460.56
Meetup,Delhi,723,2024-08-26,No,Yes,79656.82
Birthday,Chennai,1651,2024-05-15,No,No,121449.28
Corporate,Pune,4768,2025-08-28,Yes,Yes,366614.0
Birthday,Chennai,4651,2025-07-19,No,No,300357.03
Corporate,Hyderabad,4783,2025-03-15,Yes,No,367159.07
Meetup,Kolkata,2065,2025-11-03,Yes,Yes,167592.13
Corporate,Cuttack,578,2024-10-19,No,No,70769.21
Corporate,Mumbai,3625,2024-03-23,Yes,No,329272.75
Birthday,Pune,3223,2024-08-11,No,No,223742.23
Corporate,Mumbai,935,2025-11-27,No,Yes,124281.29
Birthday,Mumbai,1701,2024-10-03,No,Yes,161105.13
Birthday,Bhubaneswar,344,2024-10-06,Yes,Yes,68174.09
Marriage,Hyderabad,3994,2024-05-15,No,No,311452.71
Corporate,Chennai,293,2024-09-16,Yes,No,74636.79
Corporate,Kolkata,1737,2025-03-29,No,Yes,157488.54
Meetup,Bangalore,1495,2024-12-30,Yes,Yes,149160.78
Birthday,Bangalore,1748,2024-08-13,Yes,No,159990.55
Corporate,Hyderabad,1660,2024-01-05,Yes,No,165208.21
Birthday,Chennai,3933,2025-03-29,Yes,No,273848.77
Meetup,Pune,4793,2024-10-07,No,No,316605.59
Marriage,Bhubaneswar,4489,2024-09-26,No,Yes,311424.72
Birthday,Mumbai,3630,2024-04-29,No,No,295249.01
Marriage,Delhi,2379,2025-02-24,No,Yes,230103.8
Birthday,Kolkata,4278,2024-09-19,Yes,No,293794.81
Meetup,Kolkata,650,2025-10-05,Yes,Yes,82903.42
Birthday,Chennai,119,2025-12-25,No,No,28221.38
Meetup,Pune,914,2024-02-02,Yes,No,89078.81
Marriage,Hyderabad,4925,2024-01-10,No,Yes,384028.72
Birthday,Bangalore,780,2025-08-15,Yes,No,91961.68
Corporate,Mumbai,4465,2025-08-22,No,Yes,388353.42
Meetup,Delhi,3721,2025-09-08,Yes,No,292497.27
Birthday,Cuttack,846,2024-05-16,Yes,Yes,91451.69
Birthday,Pune,2886,2025-01-30,Yes,No,217379.37
Corporate,Delhi,1758,2025-02-09,No,Yes,176685.61
Corporate,Hyderabad,4577,2024-01-21,No,Yes,351566.78
Corporate,Kolkata,1025,2024-12-01,No,Yes,114757.07
Meetup,Bhubaneswar,729,2024-07-17,No,Yes,68381.7
Birthday,Kolkata,1194,2025-05-07,No,Yes,106627.37
Birthday,Kolkata,713,2025-12-11,No,Yes,76243.74
Marriage,Bhubaneswar,1095,2025-08-14,No,Yes,124878.08
Birthday,Bangalore,2105,2024-12-30,Yes,No,184919.4
Meetup,Kolkata,2045,2024-12-12,Yes,No,155247.7
Corporate,Cuttack,2243,2025-11-09,Yes,No,168238.29
Marriage,Cuttack,4335,2025-01-30,No,Yes,280814.67
Birthday,Cuttack,2683,2025-12-17,Yes,No,171603.4
Birthday,Bangalore,1517,2025-10-05,No,Yes,140515.45
Birthday,Bangalore,4891,2024-01-14,Yes,No,378888.37
Marriage,Mumbai,3204,2025-12-23,Yes,Yes,319819.37
Corporate,Pune,4360,2025-10-21,Yes,Yes,342092.48
Marriage,Delhi,3467,2024-09-02,No,Yes,307128.08
Birthday,Bhubaneswar,3063,2024-11-29,No,No,190959.05
Meetup,Ahmedabad,4833,2024-09-16,No,Yes,294570.48
Corporate,Chennai,4381,2024-11-11,Yes,No,320091.55
Birthday,Kolkata,4121,2024-09-06,No,Yes,281186.89
Marriage,Bangalore,3654,2024-01-23,Yes,Yes,335066.84
Marriage,Kolkata,2105,2024-12-24,No,No,178590.97
Birthday,Bangalore,3577,2025-12-04,Yes,No,288083.79
Corporate,Hyderabad,124,2025-03-13,Yes,No,65938.75
Corporate,Ahmedabad,3900,2024-11-16,Yes,No,271341.02
Corporate,Mumbai,1891,2024-07-01,Yes,Yes,211257.77
Marriage,Mumbai,977,2024-01-21,Yes,No,139430.76
Meetup,Kolkata,941,2025-03-16,Yes,Yes,99837.8
Corporate,Chennai,2619,2025-02-21,Yes,No,213378.3
Corporate,Cuttack,239,2024-03-02,Yes,Yes,80535.79
Meetup,Pune,1568,2025-11-02,Yes,No,129589.63
Birthday,Bhubaneswar,2668,2024-02-27,Yes,No,183877.54
Marriage,Hyderabad,1597,2024-02-01,No,No,155632.87
Meetup,Hyderabad,2135,2025-01-07,No,Yes,168514.13
Marriage,Delhi,4163,2025-02-11,No,No,343236.11
Marriage,Delhi,2051,2025-01-30,No,Yes,207212.31
Meetup,Mumbai,1766,2025-10-25,No,Yes,161090.36
Corporate,Bhubaneswar,4252,2024-08-30,No,Yes,288044.88
Meetup,Cuttack,3347,2024-05-17,No,Yes,196049.48
Birthday,Mumbai,2702,2025-05-01,Yes,Yes,251851.5
Marriage,Bangalore,1273,2025-07-04,Yes,Yes,168907.1
Corporate,Delhi,2548,2025-09-22,Yes,No,235052.15
Meetup,Pune,3852,2025-09-15,Yes,Yes,285296.32
Meetup,Cuttack,533,2025-08-28,No,No,42920.17
Meetup,Bangalore,4721,2025-05-19,No,No,348004.94
Meetup,Chennai,314,2025-07-14,No,Yes,47609.75
Meetup,Delhi,3835,2024-04-10,Yes,Yes,312444.13
Corporate,Chennai,2458,2025-03-24,Yes,No,205104.78
Meetup,Ahmedabad,4488,2025-03-05,No,No,264214.56
Meetup,Bangalore,2932,2024-03-24,No,Yes,234244.32
Birthday,Mumbai,1098,2024-09-24,Yes,Yes,131509.97
Meetup,Hyderabad,4286,2025-03-31,No,Yes,306952.1
Meetup,Cuttack,2467,2025-04-08,No,Yes,152939.57
Meetup,Kolkata,4448,2025-06-20,No,Yes,295877.25
Marriage,Cuttack,2117,2024-03-03,Yes,No,172300.55
Marriage,Chennai,979,2024-10-04,Yes,Yes,138554.68
Marriage,Bhubaneswar,2412,2024-08-25,No,Yes,197395.91
Birthday,Delhi,853,2024-11-02,Yes,No,95951.75
Meetup,Bangalore,582,2024-03-20,Yes,No,72254.98
Birthday,Ahmedabad,4533,2025-07-06,No,No,270331.31
Corporate,Pune,4453,2025-01-03,No,No,321019.56
Corporate,Ahmedabad,2010,2024-08-20,Yes,Yes,180077.29
Marriage,Bhubaneswar,2452,2024-08-09,Yes,Yes,214540.55
Marriage,Cuttack,4874,2024-04-09,Yes,No,310300.22
Meetup,Pune,3858,2024-07-17,No,No,258149.98
Corporate,Hyderabad,2967,2024-05-27,Yes,No,250405.96
Birthday,Hyderabad,2080,2024-10-01,Yes,No,172689.69
Corporate,Cuttack,2682,2024-09-11,Yes,Yes,203645.69
Meetup,Chennai,3413,2025-10-20,No,No,222439.63
Marriage,Hyderabad,1528,2025-09-20,Yes,No,166406.29
Marriage,Chennai,1280,2025-11-07,No,No,129402.74
Birthday,Delhi,2916,2024-01-13,No,Yes,237601.79
Meetup,Bangalore,2167,2025-01-30,Yes,No,183977.66
Meetup,Pune,998,2024-11-25,No,Yes,91863.33
Birthday,Bangalore,2706,2025-06-08,Yes,Yes,238724.78
Birthday,Kolkata,2219,2024-07-29,No,No,154970.58
Meetup,Kolkata,125,2025-12-19,No,No,24587.99
Marriage,Kolkata,4002,2024-02-21,No,Yes,304312.19
Corporate,Cuttack,4212,2024-01-10,No,Yes,265480.33
Meetup,Cuttack,4260,2024-06-12,Yes,No,245636.54
Birthday,Delhi,3269,2025-07-26,Yes,Yes,277847.02
Meetup,Bhubaneswar,1338,2025-05-15,No,No,90807.84
Meetup,Hyderabad,1337,2025-01-22,No,No,104273.42
Meetup,Ahmedabad,1685,2025-06-30,Yes,No,123698.03
Birthday,Ahmedabad,4851,2024-10-11,Yes,No,303190.89
Marriage,Cuttack,3479,2025-03-22,Yes,Yes,253671.08
Meetup,Pune,2588,2024-04-12,No,Yes,191650.78
Marriage,Bhubaneswar,2956,2025-10-24,No,Yes,226123.43
Birthday,Bangalore,3968,2025-08-28,No,No,300240.58
Corporate,Mumbai,4218,2025-02-20,No,No,358860.7
Corporate,Delhi,1485,2024-02-15,Yes,Yes,173402.42
Birthday,Delhi,1456,2024-08-26,Yes,No,139466.76
Corporate,Kolkata,1337,2024-04-04,No,No,122791.3
Marriage,Bhubaneswar,4104,2025-12-09,No,No,277528.88
Marriage,Kolkata,839,2024-01-25,No,Yes,114715.88
Marriage,Cuttack,2175,2024-01-01,Yes,Yes,187435.17
Corporate,Cuttack,3649,2024-01-31,Yes,Yes,252369.48
Marriage,Hyderabad,4448,2025-09-01,No,Yes,353250.24
Birthday,Pune,4142,2025-05-02,No,No,280674.58
Corporate,Kolkata,2269,2024-04-24,Yes,No,194084.48
Meetup,Kolkata,1177,2024-04-24,Yes,Yes,114370.81
Meetup,Kolkata,4044,2025-06-03,No,Yes,271340.33
Marriage,Hyderabad,1361,2024-01-25,No,No,140119.63
Corporate,Hyderabad,2517,2025-09-04,Yes,Yes,231786.14
Marriage,Pune,2950,2024-06-25,No,No,237133.45
Birthday,Cuttack,1516,2025-02-13,Yes,No,112366.95
Meetup,Kolkata,3075,2025-06-10,No,Yes,213711.41
Meetup,Kolkata,4214,2024-02-04,No,No,269652.03
Meetup,Cuttack,2809,2025-05-10,No,Yes,169058.14
Corporate,Pune,3395,2025-10-18,No,Yes,265601.13
Meetup,Kolkata,3781,2025-11-29,No,No,243875.96
Corporate,Hyderabad,4934,2024-03-19,Yes,Yes,389104.44
Marriage,Pune,1707,2025-06-16,No,No,159628.85
Corporate,Hyderabad,2737,2024-11-26,Yes,No,234912.08
Corporate,Pune,3613,2025-05-08,Yes,Yes,294150.92
Meetup,Mumbai,4729,2025-11-02,Yes,No,386507.27
Corporate,Mumbai,2277,2024-04-18,No,Yes,225662.45
Corporate,Delhi,1924,2025-08-04,Yes,Yes,203056.44
Meetup,Mumbai,2180,2024-02-07,No,No,179602.83
Marriage,Pune,974,2025-06-21,No,Yes,124525.49
Meetup,Mumbai,833,2024-11-18,No,No,79358.91
Birthday,Cuttack,4602,2024-12-10,Yes,No,267007.68
Meetup,Bhubaneswar,1300,2025-05-05,Yes,No,104309.64
Corporate,Pune,731,2024-05-07,Yes,Yes,113763.59
Corporate,Bhubaneswar,4104,2025-03-05,No,Yes,279339.3
Meetup,Mumbai,704,2025-12-30,No,No,70577.94
Meetup,Delhi,4706,2025-10-02,Yes,Yes,374063.31
Meetup,Hyderabad,4521,2025-05-19,No,Yes,321934.48
Meetup,Hyderabad,4861,2025-09-13,No,Yes,345048.57
Corporate,Pune,3511,2025-08-10,Yes,Yes,288057.4
Marriage,Chennai,4856,2024-08-26,No,Yes,355547.76
Meetup,Hyderabad,4047,2024-06-01,No,Yes,292669.32
Marriage,Mumbai,2555,2024-09-23,Yes,No,259188.7
Meetup,Kolkata,725,2024-04-17,Yes,No,75543.14
Birthday,Delhi,504,2024-11-18,No,No,57136.42
Marriage,Cuttack,2262,2024-03-25,No,Yes,177789.34
Birthday,Kolkata,3152,2025-08-08,No,No,211940.27
Corporate,Bhubaneswar,2018,2025-10-05,Yes,Yes,179958.12
Corporate,Delhi,4814,2024-03-14,Yes,Yes,406369.76
Corporate,Cuttack,3505,2025-02-07,No,Yes,229224.91
Meetup,Ahmedabad,4024,2025-02-09,No,Yes,249640.4
Meetup,Bhubaneswar,1699,2024-12-13,Yes,No,126425.43
Marriage,Kolkata,811,2025-06-09,Yes,No,114676.86
Meetup,Chennai,2468,2024-02-03,No,No,164612.57
Marriage,Chennai,832,2025-02-15,Yes,Yes,128641.15
Meetup,Cuttack,2428,2024-06-18,Yes,No,153178.5
Corporate,Kolkata,3374,2025-04-01,No,Yes,256444.77
Marriage,Bhubaneswar,1769,2024-10-03,No,No,150156.97
Birthday,Cuttack,4958,2024-11-02,Yes,Yes,296281.18
Birthday,Delhi,2085,2025-10-29,Yes,Yes,195906.08
Marriage,Hyderabad,2408,2025-12-06,Yes,Yes,235092.43
Marriage,Delhi,4811,2025-07-10,No,Yes,400762.35
Meetup,Delhi,4410,2025-08-07,No,No,325206.96
Marriage,Cuttack,134,2025-11-25,Yes,No,73682.17
Birthday,Pune,1145,2025-03-11,No,No,92659.42
Meetup,Ahmedabad,2740,2025-07-21,No,No,167800.22
Meetup,Bangalore,4531,2025-01-26,No,No,333911.88
Marriage,Hyderabad,731,2024-04-10,No,Yes,111306.14
Corporate,Bhubaneswar,923,2024-04-23,No,No,91963.04
Birthday,Cuttack,4751,2024-02-12,Yes,Yes,286317.39
Corporate,Kolkata,257,2025-03-04,No,Yes,68745.01
Birthday,Bhubaneswar,1265,2025-03-31,Yes,No,105902.3
Meetup,Pune,1198,2024-02-18,No,No,90918.59
Corporate,Mumbai,2046,2024-07-17,No,Yes,208055.18
Corporate,Pune,4032,2025-11-06,Yes,No,309095.09
Marriage,Bhubaneswar,2457,2024-12-09,Yes,No,202025.61
Birthday,Pune,2183,2025-06-21,No,No,159421.63
Birthday,Delhi,4529,2025-04-19,Yes,No,354841.71
Corporate,Bangalore,4788,2024-08-24,No,No,376715.57
Meetup,Chennai,3060,2024-03-22,Yes,Yes,226850.99
Marriage,Mumbai,1941,2025-02-13,Yes,No,211657.84
Birthday,Mumbai,1060,2024-02-07,No,No,100846.98
Corporate,Bangalore,4354,2024-04-23,Yes,Yes,373654.06
Marriage,Bhubaneswar,2526,2024-05-09,No,No,190690.38
Meetup,Mumbai,2593,2024-01-17,No,No,210608.72
Corporate,Pune,4670,2025-02-02,Yes,Yes,361196.36
Marriage,Delhi,2261,2025-03-07,Yes,Yes,237411.86
Marriage,Kolkata,3352,2025-03-29,Yes,No,267788.92
Meetup,Bangalore,496,2024-06-04,No,No,51328.64
Birthday,Mumbai,4887,2024-09-29,No,No,387755.98
Meetup,Pune,967,2024-05-03,Yes,No,92996.22
Meetup,Cuttack,4746,2025-01-04,Yes,Yes,281594.1
Corporate,Bangalore,459,2025-09-13,Yes,Yes,101598.04
Meetup,Hyderabad,231,2024-12-05,Yes,No,47849.99
Corporate,Bangalore,1316,2024-04-08,Yes,No,148983.17
Meetup,Chennai,4782,2025-12-23,No,Yes,315357.72
Meetup,Cuttack,1211,2024-11-14,Yes,Yes,104287.93
Meetup,Bangalore,4406,2025-08-12,No,Yes,336716.9
Meetup,Cuttack,2335,2024-02-08,No,No,133727.04
Marriage,Pune,3072,2024-05-24,No,No,243768.38
Corporate,Bhubaneswar,410,2024-12-19,No,Yes,75980.32
Birthday,Mumbai,1701,2024-04-14,No,Yes,160800.09
Marriage,Chennai,3746,2025-04-12,Yes,No,292315.56
Meetup,Bhubaneswar,2580,2024-11-04,Yes,Yes,185671.93
Marriage,Kolkata,2733,2024-08-26,No,Yes,227093.27
Corporate,Bhubaneswar,633,2024-04-26,No,Yes,89424.6
Meetup,Cuttack,1953,2024-08-20,No,No,114344.42
Corporate,Bangalore,2118,2025-09-13,Yes,No,205711.56
Meetup,Chennai,953,2025-09-30,No,No,74772.11
Meetup,Bangalore,2818,2025-02-23,Yes,Yes,241818.78
Marriage,Ahmedabad,2834,2024-03-04,Yes,No,223422.39
Corporate,Kolkata,2269,2025-01-16,No,Yes,189695.08
Meetup,Ahmedabad,4479,2024-07-11,No,Yes,275781.81
Corporate,Pune,4472,2025-05-23,No,Yes,333641.23
Birthday,Cuttack,4959,2025-09-02,Yes,No,284858.88
Birthday,Pune,4629,2024-06-17,No,Yes,324033.35
Marriage,Cuttack,3958,2025-10-08,No,No,250427.86
Corporate,Pune,625,2024-06-25,No,No,81703.91
Corporate,Bhubaneswar,2986,2024-03-28,No,Yes,218952.73
Meetup,Kolkata,3111,2025-10-12,Yes,No,218295.5
Corporate,Cuttack,4701,2025-12-02,No,No,277537.37
Birthday,Bhubaneswar,3682,2024-06-14,Yes,No,240392.16
Meetup,Delhi,2668,2024-11-16,No,No,203350.84
Birthday,Mumbai,4890,2025-05-20,No,No,388562.57
Meetup,Mumbai,1245,2025-03-10,Yes,No,126253.23
Corporate,Delhi,54,2025-01-16,Yes,No,59792.14
Marriage,Kolkata,1751,2025-07-12,No,No,156515.01
Birthday,Ahmedabad,3332,2024-01-30,Yes,Yes,231741.54
Birthday,Pune,2148,2024-06-15,Yes,No,170927.9
Meetup,Bangalore,362,2025-08-30,Yes,Yes,69142.62
Birthday,Kolkata,4508,2025-09-06,No,No,292169.98
Marriage,Pune,1334,2024-07-11,No,No,135164.47
Meetup,Bangalore,3685,2024-09-07,Yes,No,290316.6
Marriage,Bhubaneswar,2667,2024-07-17,Yes,No,213837.84
Birthday,Pune,1619,2024-08-01,Yes,Yes,150635.91
Birthday,Ahmedabad,4693,2025-07-20,Yes,No,294730.22
Corporate,Kolkata,1765,2025-12-28,Yes,No,162950.66
Meetup,Mumbai,1002,2025-07-28,Yes,Yes,118668.27
Birthday,Mumbai,3351,2025-01-14,No,Yes,286288.49
Meetup,Mumbai,2836,2024-01-05,Yes,No,245458.46
Meetup,Bangalore,3554,2025-08-15,No,Yes,278121.73
Marriage,Bangalore,3417,2024-12-30,No,No,290418.45
Corporate,Kolkata,4753,2024-10-05,No,No,326754.67
Birthday,Delhi,4483,2025-01-28,No,No,335278.73
Corporate,Mumbai,2224,2025-10-03,Yes,No,223369.65
Meetup,Cuttack,3767,2025-12-14,Yes,No,220242.76
Marriage,Ahmedabad,1586,2024-11-19,No,No,138694.98
Marriage,Bhubaneswar,4456,2024-03-07,Yes,Yes,324059.65
Meetup,Cuttack,2551,2025-06-27,No,Yes,155884.07
Marriage,Chennai,1162,2024-08-31,No,Yes,133581.31
Marriage,Bangalore,1183,2025-10-11,Yes,No,149341.39
Birthday,Pune,965,2025-08-12,Yes,Yes,109626.24
Marriage,Mumbai,1308,2024-11-13,Yes,No,164484.2
Birthday,Cuttack,1055,2024-12-31,Yes,No,89734.98
Meetup,Hyderabad,2516,2025-07-22,Yes,No,195803.7
Marriage,Mumbai,2068,2024-10-03,No,No,206763.45
Marriage,Cuttack,76,2025-04-04,No,No,56738.39
Marriage,Bangalore,4953,2024-05-01,No,No,398244.52
Meetup,Chennai,2906,2025-03-04,Yes,Yes,218981.41
Marriage,Chennai,3328,2025-01-16,Yes,No,267286.23
Marriage,Cuttack,3492,2025-12-04,No,Yes,238691.56
Corporate,Cuttack,1496,2024-05-17,No,Yes,127934.31
Corporate,Bangalore,4784,2024-08-07,No,No,376397.9
Marriage,Bhubaneswar,4846,2025-06-10,No,No,318839.57
Corporate,Pune,3431,2025-08-27,No,Yes,267643.23
Meetup,Kolkata,687,2025-04-09,No,Yes,70751.19
Birthday,Bhubaneswar,1838,2025-03-07,No,Yes,134424.33
Corporate,Cuttack,4574,2024-11-16,No,Yes,282029.67
Corporate,Delhi,4898,2025-06-07,No,No,384845.92
Meetup,Cuttack,804,2024-11-03,No,No,57699.6
Birthday,Bangalore,1672,2024-02-07,No,Yes,151758.69
Meetup,Bangalore,2396,2025-10-27,Yes,Yes,211435.72
Corporate,Pune,713,2025-05-24,No,No,87013.36
Marriage,Delhi,4829,2024-12-24,Yes,Yes,417536.86
Meetup,Kolkata,2617,2024-12-05,Yes,No,189737.12
Marriage,Mumbai,961,2024-01-14,No,Yes,135715.65
Birthday,Bangalore,3721,2024-10-12,Yes,Yes,308973.19
Meetup,Pune,1285,2025-01-04,Yes,Yes,125262.06
Meetup,Bhubaneswar,923,2025-01-02,Yes,Yes,95227.57
Corporate,Hyderabad,1366,2025-07-19,Yes,Yes,156918.03
Marriage,Hyderabad,4289,2024-10-02,No,No,331630.85
Corporate,Bhubaneswar,924,2024-04-12,No,Yes,104966.84
Corporate,Ahmedabad,2981,2024-08-21,Yes,Yes,233098.63
Marriage,Mumbai,2442,2025-06-16,Yes,Yes,261246.89
Corporate,Mumbai,3245,2024-07-23,Yes,Yes,311618.75
Corporate,Hyderabad,455,2025-05-01,Yes,Yes,97692.49
Meetup,Bhubaneswar,2987,2025-04-10,Yes,Yes,207835.24
Birthday,Hyderabad,3423,2024-05-07,No,Yes,256769.9
Meetup,Cuttack,2824,2025-10-28,Yes,No,173977.04
Marriage,Hyderabad,3322,2024-05-03,No,Yes,280157.18
Birthday,Bhubaneswar,1839,2024-01-03,Yes,Yes,149501.66
Birthday,Hyderabad,3456,2025-09-22,No,Yes,258694.74
Marriage,Mumbai,2008,2025-12-06,No,No,202315.15
Birthday,Cuttack,1879,2024-11-07,Yes,No,130770.59
Meetup,Hyderabad,2245,2025-04-24,Yes,No,177144.15
Birthday,Chennai,1207,2025-05-13,No,Yes,105688.28
Meetup,Bhubaneswar,724,2025-06-02,No,Yes,68865.75
Meetup,Pune,1220,2024-04-19,Yes,No,107630.56
Corporate,Pune,4159,2024-09-17,No,Yes,313379.56
Corporate,Kolkata,3923,2024-04-03,Yes,No,292585.14
Birthday,Bhubaneswar,1484,2024-01-24,Yes,No,118531.2
Corporate,Kolkata,4646,2025-08-06,No,Yes,332623.39
Marriage,Pune,3864,2025-06-16,No,Yes,305671.4
Corporate,Bhubaneswar,3357,2024-09-26,Yes,No,241974.16
Birthday,Delhi,3560,2024-09-05,No,No,270864.57
Meetup,Cuttack,2142,2025-09-10,Yes,Yes,151698.71
Marriage,Chennai,2279,2025-06-11,Yes,No,203925.94
Birthday,Mumbai,4666,2024-11-12,Yes,No,386614.68
Birthday,Ahmedabad,529,2024-07-10,Yes,No,66022.53
Birthday,Hyderabad,2071,2024-01-13,Yes,Yes,184594.72
Birthday,Kolkata,3878,2025-09-15,Yes,Yes,281586.76
Birthday,Mumbai,4144,2024-10-01,Yes,Yes,360753.37
Marriage,Bhubaneswar,3040,2024-08-30,Yes,No,233858.39
Meetup,Ahmedabad,2700,2025-03-31,Yes,Yes,192134.92
Marriage,Pune,3157,2024-03-27,No,Yes,261884.07
Marriage,Bangalore,840,2025-07-22,No,Yes,122373.52
Meetup,Chennai,4055,2024-12-21,No,No,260659.19
Marriage,Ahmedabad,797,2025-07-29,No,Yes,108209.3
Birthday,Bangalore,3661,2024-11-29,No,No,278677.47
Marriage,Bangalore,1189,2024-03-09,No,Yes,146734.36
Corporate,Kolkata,4151,2025-01-07,Yes,Yes,318888.83
Marriage,Pune,3485,2025-06-28,No,Yes,281027.57
Birthday,Kolkata,257,2025-02-21,No,No,36643.95
Corporate,Ahmedabad,3362,2025-12-05,No,No,226322.16
Meetup,Bhubaneswar,3807,2024-08-11,Yes,No,241381.78
Meetup,Kolkata,724,2024-12-07,Yes,No,75890.87
Birthday,Bangalore,3177,2025-01-27,No,Yes,255496.96
Corporate,Hyderabad,2975,2024-10-14,Yes,Yes,262388.14
Birthday,Hyderabad,4161,2024-05-17,Yes,No,306720.36
Meetup,Chennai,77,2025-07-04,No,Yes,34193.31
Corporate,Bhubaneswar,1669,2025-05-24,Yes,Yes,160043.48
Corporate,Cuttack,4914,2024-10-23,Yes,Yes,314852.97
Birthday,Chennai,758,2024-01-15,Yes,No,82619.18
Corporate,Bangalore,141,2024-04-27,No,Yes,63596.97
Meetup,Chennai,4642,2024-04-02,No,No,295523.63
Marriage,Bangalore,504,2024-09-02,Yes,Yes,113346.82
Corporate,Cuttack,1421,2024-10-01,No,No,112130.59
Meetup,Ahmedabad,2912,2024-01-13,No,No,177886.08
Birthday,Bhubaneswar,637,2025-05-06,Yes,No,71964.17
Corporate,Kolkata,278,2025-05-27,Yes,No,74171.63
Birthday,Kolkata,1347,2024-09-06,No,Yes,113917.83
Marriage,Bangalore,4050,2025-07-17,No,Yes,347019.05
Marriage,Mumbai,2786,2025-01-21,Yes,No,276843.71
Birthday,Bhubaneswar,3538,2025-12-22,No,No,217148.06
Meetup,Delhi,3627,2025-02-08,No,Yes,283709.19
Meetup,Pune,1196,2024-06-20,Yes,No,107075.69
Birthday,Cuttack,3856,2024-02-23,Yes,No,230127.15
Birthday,Pune,128,2025-06-05,No,No,30023.31
Corporate,Delhi,3208,2025-03-11,No,Yes,277933.99
Birthday,Cuttack,4105,2024-04-23,No,Yes,239901.96
Meetup,Pune,4125,2024-02-15,No,No,274429.0
Birthday,Pune,3164,2025-10-05,Yes,No,234082.76
Marriage,Kolkata,2000,2024-11-22,No,No,171422.95
Meetup,Cuttack,2156,2025-04-01,Yes,Yes,151782.49
Meetup,Mumbai,1729,2025-07-09,No,No,146302.5
Corporate,Hyderabad,598,2024-02-27,No,Yes,92381.48
Birthday,Kolkata,681,2025-06-09,No,Yes,75370.8
Meetup,Kolkata,575,2025-06-16,No,No,50598.85
Corporate,Mumbai,2095,2024-09-21,Yes,No,214814.73
Marriage,Mumbai,2944,2024-01-05,No,Yes,284661.1
Corporate,Bangalore,1153,2024-08-09,Yes,Yes,150017.24
Birthday,Mumbai,439,2024-06-07,Yes,No,69039.16
Birthday,Bhubaneswar,3844,2025-10-10,Yes,Yes,259674.38
Birthday,Bangalore,216,2025-01-07,Yes,Yes,65110.81
Corporate,Mumbai,2608,2025-07-02,No,Yes,250479.41
Marriage,Hyderabad,1896,2024-03-29,No,Yes,186308.87
Corporate,Ahmedabad,1377,2025-02-12,No,Yes,128959.12
Marriage,Chennai,3330,2025-10-31,No,Yes,263848.12
Corporate,Bhubaneswar,1963,2024-07-18,No,No,149776.77
Marriage,Bangalore,599,2025-08-04,Yes,Yes,121162.97
Corporate,Delhi,4943,2025-08-21,No,Yes,400671.77
Marriage,Delhi,4487,2025-10-23,Yes,Yes,393099.42
Birthday,Hyderabad,2453,2025-03-22,Yes,Yes,209349.16
Birthday,Pune,2193,2025-03-13,Yes,No,173917.36
Corporate,Bangalore,1048,2024-09-25,No,No,115434.77
Meetup,Ahmedabad,128,2025-03-18,No,Yes,36766.11
Birthday,Kolkata,4445,2025-07-31,Yes,Yes,316012.32
Birthday,Bangalore,3904,2025-02-21,No,No,294806.97
Birthday,Hyderabad,1043,2025-03-09,Yes,Yes,116607.56
Corporate,Kolkata,3646,2025-07-22,No,No,260545.39
Meetup,Delhi,4001,2025-02-09,Yes,No,312165.48
Corporate,Hyderabad,2556,2025-04-25,No,Yes,219669.05
Corporate,Cuttack,3741,2024-02-26,No,No,229211.04
Meetup,Cuttack,4934,2024-02-11,Yes,Yes,290229.02
Corporate,Bangalore,2661,2025-03-13,Yes,No,242457.68
Meetup,Pune,2763,2025-04-28,No,No,189817.74
Marriage,Ahmedabad,3061,2025-11-12,No,No,221169.34
Meetup,Chennai,4075,2024-08-21,No,No,261401.91
Marriage,Ahmedabad,3638,2025-08-02,Yes,No,268085.99
Marriage,Bangalore,3453,2024-11-29,Yes,Yes,321103.69
Birthday,Chennai,427,2025-08-14,Yes,No,63402.44
Corporate,Pune,4214,2025-12-15,No,No,305518.8
Meetup,Bhubaneswar,2664,2024-09-01,Yes,No,179404.83
Corporate,Pune,3749,2025-04-20,Yes,Yes,302831.91
Birthday,Cuttack,4471,2024-02-12,Yes,No,261397.08
Meetup,Kolkata,1302,2024-12-05,No,Yes,108007.81
Marriage,Pune,879,2024-11-25,No,No,106205.59
Marriage,Delhi,4691,2025-02-18,No,Yes,391856.11
Corporate,Chennai,2259,2025-05-10,No,No,178273.37
Birthday,Kolkata,3434,2025-01-04,Yes,No,242683.01
Meetup,Mumbai,1281,2025-03-25,Yes,No,128924.71
Corporate,Pune,720,2025-03-13,No,No,87499.98
Birthday,Ahmedabad,788,2024-08-18,Yes,Yes,91820.8
Marriage,Cuttack,925,2025-09-07,Yes,Yes,124676.59
Meetup,Bangalore,378,2024-03-17,No,Yes,55695.29
Corporate,Hyderabad,2001,2025-01-17,No,Yes,183841.95
Corporate,Cuttack,104,2024-05-16,No,Yes,59392.03
Corporate,Chennai,1771,2024-10-02,No,No,148140.9
Meetup,Delhi,330,2024-01-23,Yes,Yes,67288.13
Birthday,Cuttack,1934,2024-07-18,Yes,No,133954.2
Corporate,Hyderabad,1893,2024-11-16,Yes,No,180162.08
Birthday,Ahmedabad,843,2024-03-30,No,No,69075.47
Corporate,Chennai,707,2025-09-24,Yes,No,99202.47
Marriage,Ahmedabad,2338,2024-07-12,No,Yes,193214.77
Marriage,Cuttack,647,2025-06-23,No,No,84622.18
Meetup,Chennai,1772,2024-02-28,Yes,No,138690.93
Meetup,Bangalore,846,2025-12-17,Yes,No,91057.17
Corporate,Pune,1732,2024-08-05,No,No,151016.87
Marriage,Hyderabad,1695,2025-08-03,No,Yes,174495.42
Marriage,Hyderabad,2272,2025-02-01,No,No,199004.86
Marriage,Ahmedabad,506,2024-01-09,No,Yes,91227.49
Marriage,Mumbai,2493,2025-05-24,No,Yes,251437.37
Corporate,Mumbai,4269,2024-12-27,No,No,361560.52
Birthday,Delhi,4044,2025-11-24,Yes,Yes,332002.51
Marriage,Bhubaneswar,1471,2024-06-14,No,No,132268.27
Meetup,Mumbai,4504,2024-12-09,Yes,Yes,382182.11
Marriage,Kolkata,648,2024-03-21,Yes,No,105347.7
Birthday,Delhi,2315,2024-04-26,Yes,No,198894.33
Marriage,Ahmedabad,1590,2025-03-20,No,Yes,151262.37
Corporate,Kolkata,3026,2025-02-17,No,Yes,235137.67
Meetup,Ahmedabad,3417,2024-03-23,No,No,205502.44
Meetup,Bangalore,3474,2025-04-11,No,Yes,272193.43
Meetup,Bangalore,1541,2025-05-13,Yes,Yes,150890.1
Birthday,Ahmedabad,1925,2025-08-24,Yes,Yes,154050.59
Meetup,Chennai,3691,2024-01-18,No,No,237499.88
Birthday,Hyderabad,3555,2024-10-03,No,Yes,265830.82
Corporate,Ahmedabad,3276,2025-01-20,No,Yes,233908.19
Marriage,Kolkata,1252,2025-02-12,Yes,No,141945.79
Birthday,Chennai,2980,2025-02-14,No,No,200820.6
Meetup,Hyderabad,1541,2024-03-18,No,Yes,129405.03
Birthday,Pune,4835,2025-05-31,Yes,No,338979.29
Corporate,Bangalore,1297,2024-01-30,Yes,Yes,159461.55
Corporate,Ahmedabad,2997,2024-02-29,Yes,No,222775.1
Meetup,Pune,3340,2025-05-03,Yes,Yes,253321.67
Birthday,Mumbai,2498,2025-10-05,Yes,No,224536.66
Birthday,Chennai,365,2025-12-07,No,Yes,55973.47
Corporate,Kolkata,3808,2024-04-22,No,No,271244.08
Meetup,Delhi,655,2024-09-15,No,No,61857.27
Meetup,Bangalore,1185,2025-04-04,No,No,99721.88
Birthday,Bhubaneswar,3707,2024-10-28,No,Yes,238617.01
Meetup,Kolkata,4343,2025-11-17,Yes,Yes,304310.61
Meetup,Bangalore,306,2025-06-25,Yes,Yes,65081.09
Meetup,Kolkata,3142,2025-11-19,No,No,206167.07
Birthday,Cuttack,4678,2025-01-23,Yes,No,270814.7
Birthday,Cuttack,840,2025-07-28,No,Yes,75360.43
Meetup,Bangalore,3179,2024-04-27,Yes,No,253607.44
Marriage,Pune,4844,2025-08-25,No,No,354421.26
Corporate,Chennai,264,2025-08-24,No,Yes,68977.51
Birthday,Hyderabad,3114,2024-01-16,Yes,No,239314.08
Meetup,Kolkata,2951,2024-08-05,Yes,Yes,220786.98
Meetup,Cuttack,3729,2025-12-14,Yes,Yes,231341.19
Birthday,Chennai,3600,2024-11-12,No,No,237040.78
Corporate,Bhubaneswar,1701,2025-03-24,Yes,No,150390.91
Meetup,Mumbai,2579,2024-10-19,Yes,No,224531.18
Marriage,Ahmedabad,819,2025-06-18,No,No,97516.73
Marriage,Delhi,2181,2025-01-08,Yes,Yes,232137.0
Corporate,Delhi,4467,2024-04-20,Yes,Yes,382589.47
Marriage,Cuttack,2435,2025-06-11,No,No,174541.47
Meetup,Ahmedabad,3771,2024-12-25,No,No,224129.22
Meetup,Bangalore,4771,2024-06-11,Yes,Yes,378193.2
Meetup,Cuttack,1461,2025-09-21,No,No,89891.26
Meetup,Chennai,323,2024-11-01,No,Yes,47986.32
Corporate,Ahmedabad,3046,2024-12-02,No,No,210209.11
Meetup,Kolkata,1510,2024-10-19,Yes,No,123474.78
Birthday,Pune,1334,2024-01-20,No,Yes,117476.61
Meetup,Hyderabad,158,2025-02-28,Yes,Yes,54726.75
Marriage,Delhi,2526,2024-06-21,No,Yes,241501.92
Corporate,Chennai,3125,2025-08-29,Yes,Yes,257018.8
Marriage,Kolkata,2022,2024-06-01,No,Yes,185194.44
Birthday,Bhubaneswar,4165,2025-10-29,Yes,No,266355.24
Marriage,Hyderabad,1606,2025-04-28,Yes,No,171684.63
Birthday,Cuttack,644,2025-10-07,No,Yes,67081.23
Meetup,Mumbai,3298,2025-07-23,No,Yes,276454.54
Corporate,Ahmedabad,653,2025-02-06,No,No,77441.76
Birthday,Hyderabad,2850,2024-12-07,Yes,Yes,233868.25
Meetup,Chennai,2517,2025-05-13,No,Yes,180790.51
Marriage,Hyderabad,2371,2024-06-21,No,Yes,218679.79
Corporate,Bangalore,4910,2025-10-20,Yes,Yes,412719.21
Corporate,Mumbai,3399,2025-12-31,No,Yes,308089.57
Marriage,Pune,2991,2025-03-20,Yes,Yes,265048.37
Birthday,Bhubaneswar,1289,2025-01-27,Yes,Yes,120737.75
Marriage,Mumbai,4908,2025-03-03,Yes,Yes,446553.14
Corporate,Mumbai,935,2024-09-10,Yes,No,126310.34
Corporate,Delhi,406,2024-12-26,Yes,Yes,97175.18
Birthday,Cuttack,3242,2025-02-07,Yes,No,199319.97
Corporate,Cuttack,2315,2025-08-19,No,No,158368.22
Meetup,Delhi,4908,2025-07-22,Yes,Yes,386813.36
Marriage,Bhubaneswar,2579,2024-10-08,Yes,Yes,221451.53
Marriage,Delhi,3733,2025-09-20,No,No,312612.9
Marriage,Delhi,2453,2024-08-07,No,Yes,235112.74
Marriage,Ahmedabad,744,2024-11-20,Yes,Yes,119393.49
Meetup,Cuttack,4959,2024-04-04,No,No,265317.59
Marriage,Kolkata,3550,2025-02-13,No,No,265205.66
Corporate,Chennai,4346,2024-11-04,Yes,No,317513.84
Meetup,Hyderabad,213,2025-10-09,No,Yes,43509.95
Meetup,Mumbai,2365,2024-06-05,No,No,193965.36
Marriage,Ahmedabad,2457,2024-09-03,Yes,Yes,213396.75
Meetup,Kolkata,429,2024-10-11,No,Yes,54108.93
Meetup,Kolkata,2834,2024-04-03,No,Yes,198980.01
Birthday,Ahmedabad,921,2024-04-19,Yes,Yes,100592.71
Marriage,Cuttack,2710,2024-07-06,Yes,Yes,214145.17
Meetup,Bhubaneswar,2928,2024-10-03,No,Yes,190664.51
Meetup,Chennai,3690,2025-06-27,Yes,Yes,265681.43
Corporate,Kolkata,3199,2025-07-20,No,Yes,246782.6
Meetup,Cuttack,3076,2025-04-08,Yes,No,185768.46
Marriage,Chennai,2534,2024-01-18,Yes,Yes,230045.2
Birthday,Ahmedabad,1452,2024-04-24,No,No,101184.61
Meetup,Mumbai,3471,2024-12-28,Yes,No,292493.49
Meetup,Mumbai,1811,2025-11-13,Yes,No,167263.09
Meetup,Mumbai,3609,2024-06-21,Yes,Yes,315640.46
Birthday,Bhubaneswar,1863,2025-02-23,No,No,123958.0
Meetup,Chennai,64,2024-02-22,No,Yes,33069.61
Corporate,Ahmedabad,2288,2025-12-15,No,Yes,180336.81
Corporate,Bangalore,4341,2025-12-02,No,No,346686.6
Birthday,Kolkata,4110,2024-04-21,No,No,269018.79
Birthday,Chennai,2153,2024-12-15,Yes,No,166374.98
Marriage,Bangalore,952,2025-11-14,No,No,118274.99
Birthday,Bangalore,3214,2025-04-06,No,No,246379.41
Meetup,Chennai,776,2025-01-10,No,Yes,75993.59
Marriage,Mumbai,1445,2024-07-04,No,No,160710.56
Corporate,Ahmedabad,1770,2025-01-06,Yes,No,154438.82
Birthday,Ahmedabad,1495,2024-11-28,No,No,104438.74
Meetup,Hyderabad,3703,2024-01-27,No,No,258226.65
Birthday,Mumbai,4398,2025-01-16,No,No,351396.49
Birthday,Cuttack,684,2024-10-02,Yes,Yes,84092.83
Marriage,Pune,2050,2025-10-22,Yes,Yes,206319.64
Meetup,Hyderabad,231,2024-01-21,No,No,31750.56
Birthday,Ahmedabad,1980,2025-04-15,No,No,131250.46
Meetup,Hyderabad,1351,2024-11-15,Yes,No,120038.17
Birthday,Kolkata,228,2024-06-24,Yes,Yes,62977.12
Marriage,Delhi,461,2024-01-08,No,Yes,96518.47
Corporate,Pune,2855,2024-07-05,Yes,Yes,246916.15
Meetup,Kolkata,2621,2025-06-12,No,Yes,186354.97
Meetup,Cuttack,2788,2025-06-21,Yes,No,172292.07
Meetup,Ahmedabad,885,2024-03-26,Yes,No,81334.85
Corporate,Cuttack,4268,2024-10-04,No,No,255410.57
Corporate,Cuttack,3406,2024-11-11,Yes,Yes,239820.33
Marriage,Cuttack,3019,2025-07-19,Yes,No,217607.46
Birthday,Mumbai,2776,2024-12-26,Yes,No,244339.67
Corporate,Chennai,1636,2025-12-24,Yes,No,155851.45
Birthday,Ahmedabad,2805,2025-07-11,Yes,No,191145.53
Birthday,Mumbai,4237,2025-08-15,Yes,No,355273.39
Marriage,Bhubaneswar,2668,2025-06-18,No,No,199209.16
Meetup,Pune,2413,2025-12-14,Yes,No,182356.47
Meetup,Bhubaneswar,3108,2024-10-05,Yes,Yes,215843.99
Meetup,Bhubaneswar,3808,2024-06-19,Yes,Yes,253259.43
Marriage,Pune,2751,2024-10-28,No,Yes,234952.18
Corporate,Mumbai,1806,2025-02-09,No,No,177804.78
Marriage,Delhi,3770,2024-12-14,No,Yes,327782.8
Meetup,Bangalore,3267,2024-03-27,Yes,Yes,273541.73
Corporate,Mumbai,3680,2024-10-30,No,No,318193.67
Meetup,Bhubaneswar,1851,2024-09-08,No,Yes,130092.37
Meetup,Hyderabad,1232,2025-05-26,No,Yes,108903.78
Meetup,Bhubaneswar,1122,2024-02-22,No,Yes,90729.46
Birthday,Bhubaneswar,4730,2024-10-06,Yes,Yes,309698.39
Meetup,Mumbai,3094,2025-10-02,No,No,248784.42
Marriage,Bangalore,3676,2025-03-23,No,Yes,321512.52
Meetup,Mumbai,2458,2025-03-16,No,No,201949.79
Birthday,Ahmedabad,3811,2025-07-12,Yes,Yes,259164.09
Birthday,Mumbai,285,2025-02-18,No,No,43167.96
Meetup,Chennai,4067,2025-06-02,No,Yes,273868.49
Marriage,Kolkata,4389,2025-02-20,No,No,314909.93
Corporate,Ahmedabad,2038,2025-01-09,Yes,No,168117.79
Marriage,Hyderabad,4867,2025-09-22,No,No,368387.27
Corporate,Ahmedabad,4967,2025-05-15,Yes,No,331176.94
Meetup,Chennai,1757,2025-04-29,No,No,121986.97
Birthday,Cuttack,2260,2025-03-27,Yes,No,150993.46
Birthday,Chennai,1020,2024-01-09,No,No,82826.1
Marriage,Kolkata,1706,2025-12-01,No,Yes,166652.94
Birthday,Kolkata,4619,2025-08-11,No,No,299443.39
Meetup,Delhi,2362,2024-04-12,No,Yes,194314.05
Birthday,Pune,1897,2024-03-28,Yes,No,156000.92
Corporate,Kolkata,733,2025-06-21,Yes,No,100488.5
Marriage,Bhubaneswar,3678,2025-10-24,No,Yes,265614.86
Corporate,Delhi,3909,2024-05-07,Yes,Yes,342278.14
Meetup,Mumbai,4790,2024-12-12,No,Yes,387538.32
Birthday,Delhi,1640,2024-07-22,No,Yes,148671.69
Birthday,Ahmedabad,4930,2024-08-24,No,Yes,305327.89
Meetup,Kolkata,2333,2024-01-24,Yes,Yes,184770.5
Meetup,Ahmedabad,3234,2024-04-04,Yes,No,209470.29
Birthday,Bhubaneswar,419,2024-08-14,Yes,No,60520.7
Corporate,Delhi,4902,2024-04-30,No,No,384585.54
Marriage,Kolkata,793,2024-04-01,No,Yes,111982.44
Marriage,Bhubaneswar,1914,2024-04-06,No,Yes,169306.47
Meetup,Chennai,1095,2024-12-28,Yes,No,97472.5
Marriage,Bhubaneswar,2569,2024-01-26,No,No,193864.95
Marriage,Ahmedabad,1169,2025-11-15,No,No,115303.13
Marriage,Bhubaneswar,3678,2025-10-01,Yes,No,268892.09
Corporate,Bhubaneswar,616,2024-05-30,Yes,No,91522.52
Meetup,Mumbai,4735,2024-08-25,No,Yes,383860.94
Meetup,Hyderabad,4555,2025-07-17,Yes,No,328842.74
Meetup,Bangalore,82,2025-10-28,Yes,Yes,50343.55
Meetup,Ahmedabad,4385,2024-09-19,Yes,Yes,285126.15
Birthday,Kolkata,1675,2025-03-14,Yes,No,137240.03
Meetup,Ahmedabad,2629,2024-09-20,Yes,Yes,187723.22
Marriage,Kolkata,1294,2024-10-27,No,Yes,141042.0
Birthday,Hyderabad,1419,2025-02-02,Yes,Yes,141237.28
Meetup,Cuttack,3851,2024-03-16,Yes,No,224487.01
Marriage,Ahmedabad,3420,2024-09-24,No,Yes,252231.67
Meetup,Chennai,3133,2024-01-22,Yes,Yes,232372.17
Meetup,Chennai,3188,2024-10-12,No,No,207579.22
Birthday,Ahmedabad,974,2024-06-14,Yes,No,91473.17
Birthday,Chennai,3622,2025-12-11,Yes,Yes,266124.44
Corporate,Bhubaneswar,2712,2024-03-14,No,Yes,203870.32
Birthday,Bangalore,3824,2025-01-16,Yes,No,304357.37
Birthday,Delhi,3812,2024-10-27,No,No,287973.42
Corporate,Hyderabad,1928,2024-12-24,No,No,167205.73
Marriage,Hyderabad,2058,2024-09-07,Yes,No,201361.32
Marriage,Bangalore,55,2024-04-30,No,Yes,68083.25
Corporate,Delhi,3767,2024-04-04,Yes,Yes,331749.17
Meetup,Ahmedabad,2593,2024-05-01,No,Yes,172231.01
Meetup,Kolkata,705,2024-12-30,Yes,Yes,86926.69
Meetup,Mumbai,2583,2025-01-13,No,Yes,223716.49
Marriage,Ahmedabad,4585,2025-05-18,No,Yes,315315.12
Marriage,Cuttack,2614,2024-07-20,No,No,181960.8
Corporate,Bhubaneswar,1045,2025-03-25,Yes,Yes,126041.64
Birthday,Cuttack,4053,2024-10-11,Yes,No,239402.44
Meetup,Delhi,1764,2024-04-19,Yes,No,155026.14
Corporate,Chennai,4876,2025-09-02,No,Yes,345864.03
Birthday,Ahmedabad,1400,2025-05-20,No,Yes,111644.42
Marriage,Pune,4279,2025-08-27,Yes,No,333663.98
Corporate,Ahmedabad,2489,2024-10-31,Yes,Yes,205931.45
Marriage,Ahmedabad,3989,2025-01-01,No,Yes,282836.39
Corporate,Cuttack,2165,2024-09-30,No,No,149708.01
Corporate,Pune,3516,2025-06-02,No,No,262670.7
Corporate,Delhi,648,2025-01-25,No,Yes,98603.26
Corporate,Hyderabad,4047,2024-06-26,Yes,Yes,332112.64
Meetup,Mumbai,4701,2025-12-20,No,Yes,382560.91
Birthday,Cuttack,2331,2024-12-26,Yes,Yes,166316.6
Meetup,Chennai,4841,2025-10-01,No,No,306895.34
Meetup,Bhubaneswar,3740,2025-01-23,Yes,No,238058.59
Corporate,Kolkata,766,2024-05-14,Yes,No,103696.3
Marriage,Ahmedabad,3941,2025-11-18,Yes,Yes,296213.39
Marriage,Hyderabad,4162,2025-11-11,Yes,No,338255.82
Birthday,Cuttack,1462,2024-05-13,Yes,No,109773.9
Meetup,Kolkata,3565,2024-08-02,Yes,Yes,257746.08
Birthday,Chennai,1478,2024-06-08,No,No,109850.07
Marriage,Chennai,215,2025-12-30,Yes,No,79952.33
Corporate,Pune,509,2024-12-07,Yes,No,89638.0
Corporate,Pune,4076,2025-05-03,No,No,297481.43
Marriage,Chennai,1524,2025-05-30,Yes,No,157823.47
Corporate,Cuttack,2263,2024-04-01,Yes,No,170827.14
Birthday,Bangalore,459,2024-10-28,Yes,No,69667.19
Birthday,Chennai,3135,2025-08-24,Yes,Yes,237898.05
Corporate,Pune,1698,2025-07-15,No,No,147392.31
Corporate,Kolkata,1048,2025-07-16,No,Yes,117027.92
Meetup,Mumbai,2973,2024-03-10,No,No,239044.28
Corporate,Bhubaneswar,503,2024-11-25,Yes,Yes,97593.85
Corporate,Cuttack,2120,2025-11-26,No,Yes,159643.17
Meetup,Delhi,3444,2025-05-29,No,Yes,270790.38
Meetup,Bhubaneswar,2407,2024-04-20,No,No,149367.62
Marriage,Bhubaneswar,4274,2025-10-07,Yes,Yes,313572.77
Corporate,Pune,552,2025-01-17,No,No,77101.4
Marriage,Hyderabad,1003,2025-01-28,Yes,Yes,144203.67
Meetup,Bhubaneswar,4821,2025-05-25,No,No,281890.17
Meetup,Delhi,2155,2025-05-12,Yes,No,183175.99
Corporate,Pune,1074,2025-08-08,Yes,Yes,135727.38
Corporate,Ahmedabad,2903,2025-04-04,Yes,Yes,228992.75
Corporate,Chennai,866,2024-11-25,Yes,No,108790.04
Meetup,Delhi,149,2024-01-01,Yes,No,42923.18
Meetup,Ahmedabad,4826,2024-12-11,No,No,282333.72
Corporate,Ahmedabad,1327,2024-11-03,No,Yes,126340.14
Corporate,Bangalore,2305,2025-04-25,Yes,Yes,230826.34
Meetup,Bhubaneswar,508,2025-04-02,No,Yes,57709.79
Marriage,Pune,1459,2024-09-29,No,Yes,155723.61
Corporate,Cuttack,4136,2025-10-30,Yes,No,264326.78
Meetup,Hyderabad,485,2024-06-19,No,No,48920.55
Meetup,Kolkata,4455,2024-07-12,Yes,No,299097.15
Birthday,Ahmedabad,1248,2025-02-19,Yes,No,106400.19
Corporate,Hyderabad,1247,2025-06-20,No,No,123760.5
Meetup,Bangalore,2610,2024-02-22,Yes,Yes,226772.24
Birthday,Delhi,73,2025-12-29,No,Yes,39710.98
Meetup,Kolkata,3170,2024-09-19,No,No,207125.27
Meetup,Pune,1717,2024-10-17,No,No,124706.51
Marriage,Kolkata,4554,2025-05-29,No,Yes,337181.1
Birthday,Pune,2017,2025-10-18,No,No,147071.66
Meetup,Mumbai,4072,2025-09-03,Yes,No,336803.57
Marriage,Pune,161,2024-08-24,Yes,Yes,88339.01
Birthday,Pune,1523,2024-09-27,Yes,No,132123.58
Birthday,Delhi,1081,2025-11-13,No,No,96800.57
Marriage,Bhubaneswar,3316,2024-01-18,Yes,No,249561.93
Meetup,Pune,1833,2024-01-18,No,Yes,144090.94
Meetup,Chennai,4747,2025-01-21,No,Yes,313179.12
Corporate,Bhubaneswar,3063,2024-12-20,Yes,No,225020.67
Marriage,Delhi,2804,2024-08-19,Yes,No,262445.77
Birthday,Mumbai,3765,2025-10-11,No,No,303801.3
Corporate,Pune,3412,2025-04-07,Yes,Yes,282634.78
Corporate,Bhubaneswar,1767,2024-12-29,No,Yes,150665.76
Birthday,Bhubaneswar,747,2024-03-16,No,Yes,74638.19
Birthday,Delhi,3819,2024-08-29,No,No,289372.47
Birthday,Hyderabad,4026,2025-06-07,Yes,No,298245.89
Meetup,Chennai,4014,2025-04-26,Yes,No,272645.55
Meetup,Kolkata,3755,2024-04-24,No,Yes,254812.13
Marriage,Pune,1934,2024-05-15,Yes,No,187763.53
Birthday,Kolkata,3508,2025-01-23,No,Yes,243959.66
Meetup,Chennai,3554,2024-09-15,No,No,229965.82
Marriage,Chennai,4804,2025-02-28,No,No,339717.61
Marriage,Mumbai,3959,2025-05-15,Yes,No,363591.76
Marriage,Cuttack,769,2024-05-03,Yes,No,105303.53
Corporate,Bhubaneswar,2739,2025-02-20,Yes,No,207521.01
Birthday,Chennai,1313,2025-02-09,Yes,Yes,127229.64
Birthday,Cuttack,123,2025-12-16,No,Yes,40479.08
Meetup,Cuttack,2351,2024-07-26,No,No,134745.1
Meetup,Bangalore,163,2025-08-14,No,Yes,40885.6
Marriage,Bangalore,4088,2024-01-29,No,Yes,351052.93
Birthday,Pune,4471,2024-11-03,Yes,Yes,327495.83
Corporate,Hyderabad,453,2025-08-31,No,Yes,83800.18
Birthday,Bangalore,4174,2024-08-12,Yes,No,328968.03
Birthday,Chennai,3466,2024-05-13,No,Yes,241653.96
Birthday,Mumbai,867,2025-10-17,No,Yes,99603.97
Marriage,Kolkata,100,2025-11-01,Yes,Yes,85701.66
Meetup,Kolkata,1080,2024-09-05,No,Yes,92922.84
Marriage,Ahmedabad,3065,2025-02-15,No,Yes,232631.58
Corporate,Delhi,3102,2025-12-08,No,No,260027.74
Marriage,Cuttack,4095,2024-08-22,Yes,No,271092.32
Corporate,Delhi,2891,2024-08-12,No,Yes,256582.64
Birthday,Mumbai,4818,2024-01-21,Yes,No,397854.77
Marriage,Pune,4637,2025-05-28,No,No,342528.96
Corporate,Ahmedabad,4048,2025-01-28,No,Yes,275847.2
Corporate,Kolkata,3878,2024-04-17,No,Yes,285790.05
Corporate,Cuttack,4272,2025-03-29,Yes,No,270385.94
Birthday,Cuttack,3968,2024-09-28,No,Yes,233329.88
Meetup,Bangalore,1637,2025-03-07,Yes,Yes,158702.68
Meetup,Chennai,4812,2024-02-29,No,No,306343.65
Marriage,Kolkata,1113,2025-09-23,No,No,119012.17
Marriage,Cuttack,671,2024-07-18,Yes,No,100017.93
Meetup,Bhubaneswar,981,2025-04-10,Yes,No,86318.81
Corporate,Ahmedabad,2636,2025-07-13,Yes,Yes,213793.8
Marriage,Delhi,2784,2024-07-30,No,No,246147.66
Meetup,Pune,1520,2024-08-15,No,Yes,124193.85
Marriage,Cuttack,2403,2024-03-07,Yes,No,187120.13
Corporate,Chennai,261,2024-09-08,Yes,No,71856.31
Meetup,Hyderabad,2306,2025-08-15,No,No,167379.21
Corporate,Hyderabad,1079,2024-06-29,Yes,Yes,138713.03
Birthday,Mumbai,2669,2024-06-07,Yes,Yes,249459.52
Corporate,Cuttack,936,2024-12-13,Yes,No,103713.98
Birthday,Bangalore,3613,2024-01-21,Yes,No,290418.04
Meetup,Pune,2169,2025-07-21,Yes,No,167683.16
Marriage,Chennai,2217,2024-07-28,Yes,No,201006.46
Birthday,Cuttack,3658,2025-11-24,Yes,No,220676.07
Meetup,Ahmedabad,4035,2025-04-11,Yes,No,253170.58
Birthday,Delhi,3433,2024-10-13,No,Yes,273602.82
Meetup,Ahmedabad,1714,2025-06-17,Yes,Yes,138388.81
Corporate,Kolkata,4658,2025-03-05,No,Yes,334363.69
Marriage,Bangalore,2412,2024-04-26,No,Yes,233148.96
Birthday,Chennai,3847,2024-02-21,Yes,Yes,280557.43
Birthday,Mumbai,3860,2025-05-05,No,No,311099.36
Birthday,Bangalore,109,2024-05-10,No,Yes,41254.34
Birthday,Mumbai,2288,2025-04-16,Yes,No,209555.8
Birthday,Chennai,4220,2024-03-24,Yes,Yes,302920.1
Corporate,Bhubaneswar,4279,2024-11-23,Yes,No,293328.55
Meetup,Kolkata,2231,2024-09-02,Yes,No,164893.45
Marriage,Cuttack,3128,2024-04-02,No,No,208423.35
Corporate,Ahmedabad,3273,2025-03-17,No,No,222817.7
Meetup,Bhubaneswar,4239,2025-05-04,No,Yes,262242.36
Marriage,Hyderabad,2508,2025-06-02,No,No,214981.81
Marriage,Chennai,2487,2025-05-28,No,No,201236.36
Meetup,Hyderabad,548,2025-02-28,No,Yes,65466.83
Corporate,Cuttack,176,2025-11-04,Yes,Yes,78208.68
Marriage,Mumbai,2102,2024-03-16,Yes,Yes,235924.91
Birthday,Bangalore,553,2024-01-30,Yes,No,76607.15
Marriage,Chennai,2785,2025-08-03,Yes,No,234180.69
Meetup,Pune,1738,2025-02-26,Yes,No,141414.02
Marriage,Cuttack,1110,2025-03-23,No,No,107245.18
Corporate,Hyderabad,1319,2024-12-06,Yes,Yes,153931.78
Birthday,Delhi,1935,2024-05-31,Yes,Yes,183567.44
Corporate,Bangalore,3013,2024-11-09,Yes,No,268205.33
Birthday,Bhubaneswar,2729,2024-09-30,Yes,No,186931.51
Corporate,Ahmedabad,4678,2025-04-17,No,No,298376.83
Corporate,Delhi,4512,2024-10-22,Yes,Yes,385272.17
Marriage,Pune,1121,2025-09-25,Yes,Yes,149760.62
Marriage,Ahmedabad,4539,2024-05-07,No,No,301276.68
Meetup,Hyderabad,3917,2025-04-19,No,Yes,283782.35
Birthday,Pune,3581,2024-05-30,Yes,Yes,271845.28
Meetup,Chennai,3759,2024-07-15,Yes,No,256734.87
Marriage,Hyderabad,2550,2024-02-14,Yes,Yes,245139.66
Meetup,Hyderabad,4867,2024-02-23,No,No,333489.1
Corporate,Bangalore,1975,2024-10-07,Yes,Yes,206566.7
Corporate,Cuttack,1819,2025-04-02,No,No,131963.65
Marriage,Ahmedabad,3782,2025-12-06,Yes,No,275216.77
Birthday,Pune,193,2025-02-17,Yes,Yes,60063.0
Birthday,Bangalore,2999,2024-12-04,No,No,230931.6
Meetup,Bhubaneswar,3178,2025-11-22,Yes,No,207654.71
Birthday,Bhubaneswar,1375,2025-01-24,Yes,No,111787.12
Corporate,Hyderabad,1119,2024-01-15,No,No,115643.42
Birthday,Kolkata,4672,2025-09-09,No,Yes,314818.73
Corporate,Kolkata,2367,2025-08-23,No,Yes,196100.02
Birthday,Chennai,787,2024-02-10,Yes,Yes,95864.69
Corporate,Bhubaneswar,2844,2025-09-19,No,No,197950.55
Marriage,Pune,3505,2025-12-16,No,Yes,283808.77
Birthday,Delhi,2247,2025-04-23,Yes,Yes,206393.11
Meetup,Bangalore,2969,2024-07-28,No,No,224508.28
Meetup,Ahmedabad,1715,2025-12-13,No,Yes,123317.99
Marriage,Ahmedabad,255,2025-06-05,No,No,65430.24
Birthday,Hyderabad,2044,2024-08-12,No,Yes,166988.9
Birthday,Hyderabad,4283,2025-05-01,No,Yes,313235.24
Birthday,Cuttack,4006,2025-12-13,Yes,Yes,248582.61
Birthday,Pune,1341,2025-03-28,No,No,105154.77
Birthday,Pune,3822,2024-05-16,Yes,Yes,287637.64
Birthday,Cuttack,4823,2025-05-04,No,Yes,275668.57
Meetup,Chennai,4276,2024-05-17,No,Yes,285431.8
Corporate,Bangalore,2225,2025-11-12,No,Yes,210721.23
Meetup,Pune,4569,2024-12-29,Yes,No,317098.36
Meetup,Ahmedabad,2463,2025-05-03,Yes,No,168215.2
Corporate,Bangalore,836,2024-08-03,No,No,100143.71
Marriage,Delhi,1474,2024-01-25,No,No,154180.1
Marriage,Pune,2725,2024-02-22,Yes,No,237535.2
Marriage,Mumbai,2643,2024-08-24,No,No,250336.81
Marriage,Kolkata,3549,2025-02-18,Yes,No,279814.78
Meetup,Kolkata,2915,2024-12-27,No,No,191509.41
Birthday,Kolkata,564,2025-11-16,No,Yes,67268.5
Birthday,Pune,4602,2025-05-18,No,No,309889.19
Meetup,Cuttack,2378,2024-05-27,Yes,No,150932.99
Birthday,Bhubaneswar,3287,2025-11-23,Yes,Yes,230067.53
Birthday,Bhubaneswar,2770,2024-11-02,Yes,Yes,201103.91
Corporate,Ahmedabad,4809,2025-02-26,Yes,Yes,334317.19
Marriage,Hyderabad,2248,2024-11-27,No,Yes,209654.17
Meetup,Delhi,2578,2024-10-11,Yes,Yes,224960.93
Marriage,Delhi,1704,2025-10-26,No,No,172207.3
Marriage,Mumbai,194,2024-12-23,No,No,67171.36
Corporate,Mumbai,658,2025-09-06,No,Yes,103318.34
Birthday,Ahmedabad,1149,2024-12-14,No,Yes,96199.51
Marriage,Bangalore,4187,2024-03-20,No,Yes,357655.16
Marriage,Chennai,4556,2024-03-05,No,Yes,338063.14
Corporate,Hyderabad,2222,2024-04-05,No,No,186230.78
Corporate,Delhi,4191,2025-02-27,Yes,Yes,363130.55
Marriage,Delhi,2787,2025-12-07,Yes,No,262881.48
Meetup,Bhubaneswar,2596,2025-02-05,No,Yes,172395.17
Marriage,Bangalore,3826,2024-01-13,No,No,319629.52
Meetup,Bhubaneswar,3841,2025-03-04,No,No,228562.06
Marriage,Hyderabad,3929,2025-06-09,Yes,No,321392.96
Birthday,Kolkata,1753,2025-11-09,No,No,127934.32
Birthday,Kolkata,4029,2024-04-04,Yes,Yes,290381.13
Meetup,Delhi,3467,2024-02-29,No,Yes,270808.34
Birthday,Bhubaneswar,4304,2025-04-27,No,Yes,269798.63
Marriage,Mumbai,4794,2025-05-08,Yes,No,427149.85
Corporate,Bhubaneswar,1382,2025-07-15,No,Yes,130591.62
Corporate,Chennai,3431,2025-05-02,Yes,Yes,274832.91
Marriage,Delhi,1943,2024-06-18,Yes,Yes,215646.78
Birthday,Kolkata,3882,2025-05-09,Yes,Yes,282910.68
Birthday,Ahmedabad,563,2025-07-10,Yes,Yes,79842.71
Meetup,Mumbai,4094,2025-08-03,Yes,Yes,351156.26
Corporate,Chennai,438,2024-03-14,Yes,Yes,94427.31
Marriage,Hyderabad,4322,2024-05-18,No,No,332413.18
Meetup,Pune,4138,2024-09-08,No,No,274826.76
Meetup,Bangalore,1467,2025-02-09,Yes,No,135567.2
Corporate,Pune,2181,2025-08-30,No,Yes,189542.53
Marriage,Pune,457,2025-03-05,No,No,80670.5
Birthday,Ahmedabad,1268,2025-12-14,Yes,Yes,118775.69
Marriage,Pune,1787,2024-01-03,No,Yes,176109.34
Corporate,Chennai,4782,2024-11-07,No,Yes,340447.36
Marriage,Chennai,1442,2024-02-24,Yes,Yes,165350.38
Meetup,Bangalore,1847,2025-04-10,No,Yes,158294.22
Meetup,Mumbai,4602,2024-02-12,No,No,361675.44
Corporate,Chennai,3522,2024-01-16,Yes,Yes,279674.66
Marriage,Mumbai,1603,2024-03-28,No,Yes,183726.02
Birthday,Chennai,787,2024-01-27,No,No,69656.85
Corporate,Pune,72,2025-08-29,No,Yes,57566.67
Marriage,Mumbai,4972,2024-10-12,Yes,Yes,451691.69
Meetup,Kolkata,3168,2025-01-14,Yes,Yes,234115.93
Corporate,Pune,1785,2024-07-29,Yes,No,169271.66
Meetup,Bhubaneswar,4893,2024-12-02,Yes,Yes,313698.54
Corporate,Cuttack,2536,2024-08-02,No,Yes,180304.24
Meetup,Mumbai,3627,2025-05-10,No,No,288752.95
Birthday,Delhi,1109,2025-06-05,No,Yes,112224.59
Birthday,Bangalore,1189,2025-12-26,Yes,No,120274.41
Corporate,Kolkata,678,2024-10-06,Yes,No,98476.4
Marriage,Chennai,363,2025-03-24,No,Yes,85684.7
Marriage,Hyderabad,2694,2025-07-29,No,Yes,238876.04
Birthday,Delhi,75,2025-01-23,No,Yes,39598.21
Meetup,Mumbai,130,2024-08-28,Yes,No,40765.21
Corporate,Pune,151,2024-12-19,No,No,52311.43
Birthday,Hyderabad,459,2024-08-12,Yes,No,66177.93
Birthday,Hyderabad,157,2025-09-18,No,No,33044.34
Marriage,Mumbai,3888,2024-12-18,Yes,No,358987.49
Corporate,Bangalore,769,2024-07-07,Yes,Yes,123672.64
Meetup,Mumbai,1217,2025-10-14,No,No,107609.91
Meetup,Pune,3257,2024-05-31,No,Yes,232359.2
Meetup,Bangalore,914,2024-07-22,No,Yes,92252.92
Corporate,Kolkata,1463,2024-02-07,Yes,Yes,157629.46
Meetup,Kolkata,1016,2024-09-18,Yes,Yes,104224.66
Meetup,Cuttack,2411,2024-10-03,No,Yes,150355.38
Meetup,Hyderabad,3070,2025-07-10,Yes,Yes,243507.23
Meetup,Kolkata,1863,2025-11-13,No,Yes,141765.31
Corporate,Ahmedabad,3787,2024-06-11,No,No,251175.81
Corporate,Chennai,4480,2024-02-20,Yes,No,325142.42
Meetup,Cuttack,238,2025-09-19,Yes,Yes,56518.74
Marriage,Mumbai,2785,2025-09-03,Yes,Yes,287610.61
Birthday,Mumbai,1800,2025-03-06,Yes,No,171672.29
Marriage,Pune,2107,2024-10-24,No,Yes,196298.84
Birthday,Cuttack,1691,2025-05-16,No,No,106728.4
Corporate,Bangalore,1484,2025-11-15,No,Yes,158556.91
Marriage,Cuttack,4402,2024-04-16,Yes,No,287488.24
Meetup,Kolkata,225,2024-10-16,No,Yes,42094.61
Meetup,Pune,675,2024-01-18,No,No,59817.0
Marriage,Bhubaneswar,1738,2025-04-25,No,Yes,160055.46
Meetup,Pune,4896,2025-12-24,No,No,323643.33
Marriage,Bangalore,2711,2025-08-29,Yes,No,257687.96
Marriage,Kolkata,3534,2024-12-29,Yes,No,278089.31
Meetup,Bhubaneswar,944,2025-04-14,No,Yes,81894.7
Meetup,Bangalore,1266,2025-01-10,No,Yes,117840.8
Marriage,Bangalore,4726,2025-12-29,Yes,No,398525.15
Corporate,Delhi,563,2025-04-09,Yes,No,97162.18
Corporate,Pune,1067,2025-02-28,Yes,No,124678.11
Marriage,Mumbai,461,2024-04-15,Yes,Yes,113718.54
Birthday,Bhubaneswar,410,2024-06-29,No,No,43807.16
Corporate,Chennai,3006,2025-08-04,No,Yes,235306.22
Corporate,Cuttack,2888,2025-10-05,No,No,185632.15
Birthday,Kolkata,4989,2025-05-15,Yes,Yes,348319.24
Meetup,Hyderabad,4709,2024-03-10,No,Yes,335022.49
Birthday,Pune,2792,2025-08-20,No,Yes,208814.44
Meetup,Kolkata,1380,2024-06-08,No,No,98913.98
Marriage,Cuttack,3753,2024-06-11,No,Yes,251474.96
Marriage,Hyderabad,310,2024-06-20,Yes,No,86318.41
Meetup,Hyderabad,1179,2024-10-19,Yes,Yes,120341.98
Birthday,Bangalore,3776,2025-09-22,No,No,286260.04
Corporate,Bangalore,215,2025-09-01,No,Yes,68404.85
Meetup,Ahmedabad,4021,2025-05-20,No,No,238500.24
Meetup,Pune,3114,2024-07-12,Yes,No,227125.14
Marriage,Pune,3700,2025-02-24,No,Yes,296190.27
Meetup,Cuttack,2821,2024-03-21,Yes,No,173266.49
Marriage,Bangalore,4790,2024-08-31,Yes,No,403133.17
Meetup,Pune,3830,2024-07-18,Yes,Yes,284190.74
Marriage,Hyderabad,481,2024-07-09,No,No,82518.88
Corporate,Cuttack,1750,2025-01-17,Yes,Yes,157086.06
Birthday,Pune,2078,2025-04-01,No,No,151517.19
Birthday,Kolkata,2076,2024-06-27,Yes,No,161156.75
Birthday,Bangalore,3219,2024-12-24,No,No,246370.26
Marriage,Bhubaneswar,1301,2025-10-19,Yes,Yes,150855.43
Corporate,Kolkata,2074,2024-11-12,Yes,No,180879.44
Birthday,Ahmedabad,1974,2024-02-22,Yes,Yes,157731.93
Marriage,Hyderabad,2365,2025-04-02,Yes,Yes,233168.4
Corporate,Chennai,2847,2024-11-03,No,Yes,225056.32
Marriage,Chennai,516,2025-12-29,No,Yes,95898.04
Meetup,Chennai,1559,2025-09-27,No,No,111082.87
Meetup,Cuttack,3963,2025-02-15,Yes,No,229923.12
Birthday,Cuttack,163,2024-10-18,Yes,Yes,57825.91
Corporate,Cuttack,4206,2025-05-04,Yes,No,268097.73
Birthday,Kolkata,512,2025-04-03,No,No,53571.31
Meetup,Kolkata,2184,2025-01-06,No,Yes,159578.63
Birthday,Ahmedabad,2911,2025-12-23,No,No,183062.32
Birthday,Pune,3244,2025-04-25,Yes,Yes,252744.77
Meetup,Bhubaneswar,1739,2025-12-26,No,Yes,123807.4
Corporate,Chennai,1759,2025-07-07,No,No,146762.28
Marriage,Mumbai,1708,2025-04-04,No,Yes,192017.1
Marriage,Bhubaneswar,3369,2025-01-21,Yes,Yes,263954.12
Birthday,Hyderabad,395,2025-03-11,No,No,48084.91
Birthday,Chennai,4250,2025-10-05,Yes,No,291048.88
Meetup,Chennai,4440,2024-08-31,No,No,284305.08
Marriage,Bhubaneswar,3115,2025-01-14,No,Yes,234508.91
Meetup,Cuttack,2571,2024-08-12,Yes,No,159840.46
Meetup,Delhi,4888,2025-03-11,Yes,No,374152.91
Meetup,Mumbai,1246,2025-11-26,Yes,Yes,137389.54
Corporate,Ahmedabad,3080,2024-05-07,Yes,Yes,237892.2
Meetup,Pune,4542,2024-09-26,No,Yes,312845.87
Meetup,Mumbai,4955,2025-12-26,No,Yes,399865.26
Birthday,Mumbai,1495,2024-01-08,Yes,Yes,160388.46
Meetup,Cuttack,2495,2024-11-06,No,No,142662.16
Birthday,Pune,2192,2024-05-22,Yes,No,173367.13
Birthday,Pune,501,2024-06-23,Yes,Yes,79958.39
Birthday,Kolkata,1429,2025-03-03,No,Yes,119584.62
Birthday,Cuttack,3425,2024-11-16,No,No,192855.76
Corporate,Delhi,1884,2025-03-04,Yes,Yes,201582.65
Meetup,Bangalore,4923,2025-02-01,Yes,Yes,388641.1
Birthday,Mumbai,569,2024-02-29,Yes,Yes,92019.39
Marriage,Ahmedabad,4963,2024-03-18,Yes,No,340954.36
Corporate,Kolkata,3505,2025-04-15,Yes,Yes,280275.6
Corporate,Chennai,3644,2024-07-14,Yes,No,275032.9
Corporate,Delhi,4507,2025-06-03,No,No,356982.45
Corporate,Bangalore,3882,2025-12-07,Yes,No,328616.41
Marriage,Bangalore,4601,2025-09-24,Yes,Yes,400122.12
Marriage,Kolkata,523,2024-06-12,No,Yes,95973.33
Meetup,Kolkata,1774,2024-05-01,Yes,No,138597.56
Corporate,Hyderabad,1021,2025-06-09,Yes,Yes,135729.84
Corporate,Bangalore,2623,2024-12-30,No,Yes,236785.08
Corporate,Mumbai,613,2024-12-26,No,No,87961.58
Meetup,Pune,1549,2024-11-03,No,Yes,126126.26
Marriage,Cuttack,2752,2025-07-14,No,Yes,202390.98
Meetup,Bangalore,549,2025-12-18,Yes,Yes,83427.32
Corporate,Bhubaneswar,2080,2024-06-22,Yes,Yes,183154.72
Meetup,Delhi,4671,2024-08-16,Yes,No,359423.49
Marriage,Pune,4102,2024-05-11,No,Yes,320203.58
Meetup,Bangalore,4271,2024-09-14,No,Yes,328048.28
Meetup,Bhubaneswar,4756,2025-04-09,Yes,Yes,305079.01
Meetup,Chennai,2877,2025-07-17,Yes,No,203873.2
Meetup,Ahmedabad,1887,2025-11-06,Yes,Yes,147392.2
Corporate,Ahmedabad,1778,2024-01-07,No,No,139952.49
Meetup,Ahmedabad,4104,2025-01-08,No,No,242676.15
Corporate,Bhubaneswar,2139,2024-05-18,Yes,Yes,186428.24
Marriage,Kolkata,1784,2025-04-20,Yes,Yes,186183.3
Birthday,Cuttack,1589,2024-12-29,Yes,No,116597.34
Marriage,Chennai,1294,2025-05-01,Yes,Yes,157337.58
Birthday,Chennai,1572,2024-12-31,No,Yes,129270.54
Meetup,Ahmedabad,307,2024-03-03,No,Yes,45054.3
Meetup,Cuttack,1982,2025-08-18,Yes,Yes,143100.5
Birthday,Bangalore,3686,2025-04-22,No,Yes,291879.84
Marriage,Hyderabad,2982,2025-11-08,No,No,246785.59
Marriage,Mumbai,1351,2024-03-29,Yes,Yes,179530.03
Corporate,Mumbai,2415,2025-05-14,No,No,223269.73
Birthday,Mumbai,4708,2024-03-30,No,No,374296.25
Birthday,Pune,1868,2025-09-01,No,No,138217.82
Corporate,Delhi,3206,2025-06-03,No,No,266757.29
Marriage,Delhi,849,2025-06-27,No,Yes,122904.5
Marriage,Bangalore,2420,2025-03-04,No,Yes,233119.3
Birthday,Hyderabad,2454,2024-12-25,No,Yes,193551.5
Birthday,Bhubaneswar,4824,2025-05-14,No,No,287248.54
Marriage,Delhi,94,2025-07-16,No,No,58350.14
Birthday,Pune,1715,2025-10-20,No,No,129306.01
Corporate,Ahmedabad,236,2024-08-11,No,Yes,66387.74
Birthday,Ahmedabad,1702,2024-05-20,No,No,115817.35
Marriage,Ahmedabad,4561,2025-03-20,No,No,303133.71
Corporate,Bhubaneswar,2646,2024-03-14,Yes,Yes,214104.09
Birthday,Chennai,3246,2024-11-07,No,No,217175.84
Corporate,Cuttack,419,2024-03-06,No,Yes,74407.38
Corporate,Hyderabad,379,2024-04-28,No,Yes,79011.86
Birthday,Bhubaneswar,4223,2025-05-17,No,Yes,265538.59
Birthday,Chennai,4428,2025-03-22,No,Yes,300606.79
Birthday,Delhi,2064,2025-01-15,No,No,167462.32
Meetup,Bhubaneswar,241,2024-07-21,Yes,Yes,56531.55
Marriage,Kolkata,3589,2025-02-10,No,Yes,280257.47
Meetup,Delhi,3216,2024-11-13,No,No,242621.73
Birthday,Ahmedabad,386,2025-04-18,Yes,Yes,71139.87
Corporate,Ahmedabad,1209,2025-03-17,Yes,No,123871.91
Birthday,Bhubaneswar,2004,2024-05-01,No,Yes,143942.37
Marriage,Kolkata,4345,2025-10-17,Yes,Yes,340645.92
Meetup,Bhubaneswar,1281,2025-09-21,Yes,No,102160.4
Meetup,Delhi,3733,2025-05-26,Yes,No,292883.43
Meetup,Pune,2064,2024-12-18,Yes,Yes,172578.79
Corporate,Kolkata,3654,2025-08-13,No,No,260247.07
Meetup,Cuttack,3118,2025-02-28,No,Yes,184680.56
Meetup,Kolkata,2900,2024-08-29,Yes,Yes,217606.73
Corporate,Cuttack,2779,2024-05-16,Yes,No,196716.48
Corporate,Delhi,3497,2024-08-02,No,Yes,298455.32
Marriage,Bhubaneswar,1416,2025-05-08,No,Yes,140925.71
Meetup,Ahmedabad,2353,2025-02-20,Yes,Yes,174125.03
Corporate,Mumbai,1294,2024-10-25,No,Yes,150903.5
Corporate,Kolkata,3514,2024-06-02,Yes,No,268553.59
Meetup,Hyderabad,3943,2025-08-14,No,No,273476.2
Meetup,Hyderabad,2753,2024-07-28,No,Yes,208497.61
Birthday,Bhubaneswar,2611,2024-04-11,No,No,165665.78
Corporate,Chennai,2814,2025-02-21,Yes,Yes,237725.34
Corporate,Pune,2343,2024-02-28,No,No,188250.49
Birthday,Bhubaneswar,2584,2025-09-02,Yes,Yes,191892.04
Birthday,Cuttack,4823,2024-11-03,No,No,262463.23
Meetup,Cuttack,3198,2025-06-19,No,Yes,189549.02
Birthday,Ahmedabad,2641,2024-12-14,Yes,No,181474.14
Corporate,Kolkata,3610,2025-02-12,Yes,Yes,284982.2
Meetup,Pune,3383,2025-12-09,No,Yes,239624.04
Birthday,Delhi,2540,2024-03-06,No,Yes,212581.77
Birthday,Pune,883,2024-10-09,No,Yes,89996.33
Meetup,Chennai,548,2025-09-14,Yes,No,65614.13
Marriage,Cuttack,1279,2025-06-12,Yes,No,130193.02
Meetup,Cuttack,2849,2025-08-23,Yes,Yes,186566.1
Corporate,Delhi,2164,2025-05-03,No,No,192528.58
Birthday,Mumbai,3423,2024-10-28,No,Yes,290308.48
Birthday,Kolkata,2233,2024-03-17,Yes,No,170935.72
Marriage,Ahmedabad,3682,2025-12-28,No,Yes,265835.02
Corporate,Chennai,4973,2025-12-21,Yes,No,355646.98
Corporate,Hyderabad,4030,2024-08-01,Yes,No,318044.18
Birthday,Mumbai,3381,2025-10-14,No,Yes,288124.17
Corporate,Ahmedabad,2314,2025-04-26,No,Yes,181781.3
Meetup,Chennai,469,2024-01-13,No,No,45801.01
Birthday,Hyderabad,4600,2025-01-24,Yes,Yes,347423.59
Marriage,Pune,4567,2025-05-29,Yes,Yes,364437.13
Marriage,Bhubaneswar,2154,2025-10-30,Yes,Yes,198279.36
Corporate,Bhubaneswar,1107,2025-01-03,No,Yes,114408.84
Marriage,Mumbai,1155,2024-11-14,No,No,138006.5
Marriage,Mumbai,4718,2024-08-24,No,Yes,418434.89
Corporate,Ahmedabad,756,2024-04-22,No,Yes,94869.28
Marriage,Bhubaneswar,4802,2024-03-11,No,Yes,329037.28
Marriage,Pune,2193,2025-12-24,No,No,189929.29
Meetup,Pune,4656,2025-09-27,Yes,Yes,335991.11
Marriage,Bangalore,1245,2025-02-04,No,No,138755.51
Corporate,Mumbai,611,2024-02-27,Yes,No,102238.19
Birthday,Bhubaneswar,4102,2024-01-13,Yes,Yes,275015.29
Meetup,Cuttack,3944,2024-04-15,Yes,Yes,240412.23
Corporate,Pune,1154,2024-01-29,Yes,No,128163.06
Meetup,Bhubaneswar,2110,2024-09-17,Yes,Yes,160457.18
Marriage,Pune,2582,2024-06-27,Yes,Yes,239659.46
Marriage,Bhubaneswar,4852,2024-12-26,Yes,No,333530.93
Meetup,Ahmedabad,984,2025-07-19,Yes,No,86754.06
Meetup,Chennai,3237,2025-09-05,No,No,211126.77
Marriage,Ahmedabad,1172,2024-08-03,Yes,Yes,142715.57
Corporate,Hyderabad,550,2025-03-04,Yes,No,92929.31
Meetup,Mumbai,1193,2024-04-13,No,Yes,119171.5
Marriage,Bangalore,4457,2025-12-17,Yes,No,378815.63
Meetup,Cuttack,4143,2025-05-04,No,No,224762.83
Corporate,Hyderabad,3885,2025-12-24,Yes,No,310432.16
Corporate,Pune,4316,2024-11-06,Yes,Yes,337858.3
Corporate,Delhi,1427,2025-10-18,Yes,Yes,168763.92
Corporate,Mumbai,1022,2025-10-30,No,No,118834.68
Meetup,Kolkata,1739,2025-04-22,Yes,No,136135.29
Meetup,Cuttack,4438,2025-11-21,Yes,Yes,266258.97
Marriage,Kolkata,1290,2025-08-04,Yes,No,145341.85
Marriage,Pune,673,2025-12-21,Yes,No,109899.0
Marriage,Kolkata,4418,2024-08-08,Yes,Yes,344244.79
Meetup,Bangalore,2219,2025-07-25,Yes,Yes,198915.59
Meetup,Mumbai,852,2024-05-29,Yes,Yes,107039.2
Birthday,Pune,1591,2024-06-10,No,No,120995.99
Corporate,Cuttack,1681,2024-05-18,No,No,127037.62
Birthday,Bhubaneswar,1350,2025-03-02,No,No,97023.24
Meetup,Pune,2313,2025-09-22,No,Yes,172780.82
Corporate,Kolkata,4514,2024-11-13,Yes,No,327416.74
Marriage,Hyderabad,230,2025-07-07,No,No,67665.94
Corporate,Bangalore,823,2025-03-01,Yes,Yes,126097.46
Marriage,Kolkata,806,2025-10-22,Yes,Yes,126812.9
Marriage,Pune,824,2025-09-03,Yes,No,118826.04
Marriage,Hyderabad,3898,2025-10-19,Yes,No,321074.05
Meetup,Chennai,4020,2025-07-14,Yes,No,272367.17
Birthday,Cuttack,2842,2024-06-14,No,Yes,175355.53
Marriage,Cuttack,4129,2024-10-12,Yes,Yes,284566.69
Marriage,Cuttack,3965,2024-10-21,No,Yes,262095.15
Corporate,Pune,1083,2025-04-18,No,Yes,120937.38
Meetup,Kolkata,264,2024-11-20,No,Yes,45623.52
Marriage,Chennai,2434,2025-10-30,Yes,No,213232.33
Marriage,Bangalore,867,2024-01-13,No,No,112178.69
Marriage,Kolkata,645,2025-01-01,No,Yes,103204.31
Meetup,Hyderabad,2464,2024-12-15,No,No,176795.31
Birthday,Mumbai,4017,2024-07-05,Yes,Yes,350274.7
Marriage,Bhubaneswar,670,2025-04-30,No,Yes,100466.2
Marriage,Cuttack,2124,2024-11-23,Yes,No,173120.54
Corporate,Ahmedabad,4837,2025-09-24,Yes,Yes,335448.31
Corporate,Hyderabad,3879,2025-05-29,Yes,No,309296.16
Meetup,Chennai,1979,2025-11-29,No,Yes,146825.01
Marriage,Kolkata,3996,2024-12-24,No,Yes,303139.52
Marriage,Pune,1654,2024-08-18,No,No,155477.19
Birthday,Kolkata,467,2024-01-28,No,No,49361.99
Meetup,Cuttack,2644,2025-05-30,No,No,148594.1
Birthday,Pune,3098,2024-04-26,Yes,No,230313.48
Marriage,Bhubaneswar,4281,2025-07-22,Yes,Yes,314677.91
Marriage,Delhi,1004,2024-07-09,Yes,Yes,149655.6
Birthday,Bhubaneswar,2791,2025-12-05,No,Yes,186846.61
Meetup,Kolkata,3024,2024-05-28,No,Yes,209782.94
Birthday,Kolkata,1002,2025-01-25,Yes,No,97623.21
Corporate,Delhi,2806,2025-05-22,No,No,237472.5
Birthday,Cuttack,1170,2024-09-11,Yes,No,95938.24
Birthday,Chennai,2384,2024-04-18,No,No,164422.29
Birthday,Bangalore,1308,2025-10-22,No,Yes,125393.83
Meetup,Mumbai,2299,2025-07-22,No,Yes,200824.24
Marriage,Delhi,841,2024-07-30,Yes,Yes,137511.11
Birthday,Bangalore,3552,2024-10-06,No,No,270744.03
Meetup,Pune,1377,2024-10-14,No,No,102918.23
Corporate,Bangalore,3046,2024-02-15,Yes,No,269487.11
Marriage,Delhi,3516,2024-10-02,Yes,Yes,325637.39
Marriage,Ahmedabad,926,2025-06-02,No,No,103520.2
Corporate,Bangalore,3900,2025-08-23,Yes,No,329619.0
Marriage,Bangalore,2606,2025-06-23,No,Yes,246741.78
Marriage,Kolkata,435,2024-02-17,Yes,No,93030.92
Marriage,Kolkata,2861,2025-08-23,Yes,No,238602.71
Corporate,Mumbai,2486,2025-10-31,No,Yes,239693.48
Marriage,Ahmedabad,3486,2024-01-16,Yes,No,258770.99
Meetup,Cuttack,294,2025-09-26,No,No,31106.15
Corporate,Chennai,2628,2024-04-01,Yes,No,214094.51
Marriage,Bhubaneswar,3657,2024-01-17,No,No,253539.16
Marriage,Chennai,1486,2025-12-03,Yes,No,156355.23
Meetup,Ahmedabad,1923,2025-12-08,No,No,122478.25
Meetup,Delhi,2966,2024-03-14,No,No,225277.78
Birthday,Bhubaneswar,1795,2025-08-08,Yes,Yes,146770.77
Marriage,Ahmedabad,288,2024-09-20,Yes,Yes,94931.74
Birthday,Cuttack,4153,2025-08-24,Yes,No,244501.46
Marriage,Chennai,2568,2024-11-12,Yes,No,220629.73
Marriage,Hyderabad,3619,2024-09-03,No,Yes,299416.26
Corporate,Cuttack,4100,2024-10-17,Yes,No,261130.38
Meetup,Kolkata,162,2024-05-29,No,Yes,37829.17
Birthday,Hyderabad,4336,2025-05-31,No,Yes,315935.3
Birthday,Chennai,3600,2024-08-31,No,No,238884.45
Birthday,Bhubaneswar,4165,2025-04-17,Yes,No,265135.18
Marriage,Cuttack,1979,2025-05-06,Yes,No,165401.76
Marriage,Chennai,4512,2024-01-18,Yes,No,338128.45
Birthday,Bangalore,2261,2025-04-03,Yes,No,194859.91
Birthday,Mumbai,1712,2025-09-24,No,No,150021.09
Meetup,Kolkata,1981,2024-05-29,No,Yes,148406.74
Marriage,Kolkata,4823,2024-07-31,No,No,341163.99
Marriage,Cuttack,282,2024-09-17,Yes,No,80440.76
Corporate,Ahmedabad,580,2024-11-25,Yes,No,88145.45
Meetup,Chennai,3588,2024-03-11,Yes,No,247752.02
Corporate,Cuttack,2598,2025-04-12,No,Yes,184338.0
Marriage,Bangalore,1820,2025-11-10,No,Yes,192005.3
Birthday,Hyderabad,986,2025-11-07,No,No,86559.39
Marriage,Ahmedabad,1572,2024-01-25,Yes,Yes,166132.58
Meetup,Mumbai,3825,2024-03-05,Yes,Yes,330392.18
Marriage,Pune,2595,2024-03-10,No,Yes,226138.81
Corporate,Chennai,1182,2025-11-16,No,No,113374.63
Birthday,Hyderabad,4031,2025-11-18,Yes,Yes,311757.28
Birthday,Chennai,1931,2025-07-01,No,No,138626.93
Meetup,Cuttack,3910,2025-01-24,No,No,212514.66
Corporate,Cuttack,1938,2025-01-16,No,No,139224.21
Marriage,Kolkata,448,2024-03-30,No,No,77935.99
Meetup,Delhi,481,2025-04-19,Yes,No,65894.23
Birthday,Bangalore,4950,2025-10-11,No,No,367526.42
Marriage,Chennai,4624,2024-06-07,No,Yes,341611.02
Birthday,Cuttack,3608,2024-12-03,Yes,No,218178.45
Marriage,Bangalore,2846,2024-11-28,No,No,251840.51
Meetup,Cuttack,4967,2025-06-03,No,No,265928.3
Birthday,Chennai,2983,2024-12-05,Yes,No,216338.13
Marriage,Kolkata,4074,2025-10-06,Yes,Yes,323197.64
Corporate,Pune,4339,2024-04-20,No,Yes,324325.07
Marriage,Bangalore,1684,2025-10-05,No,No,170678.53
Meetup,Bhubaneswar,696,2024-09-03,No,Yes,68131.09
Meetup,Bhubaneswar,4484,2024-01-03,Yes,Yes,290524.11
Corporate,Cuttack,2743,2024-01-15,Yes,No,193520.27
Birthday,Pune,2897,2024-04-28,No,Yes,214309.21
Meetup,Mumbai,247,2024-05-18,No,No,35329.66
Marriage,Chennai,2705,2024-07-18,Yes,No,229250.85
Marriage,Cuttack,1155,2025-06-15,No,No,110565.07
Meetup,Cuttack,2255,2025-08-15,No,No,130042.16
Corporate,Mumbai,897,2025-03-04,No,Yes,120596.52
Corporate,Cuttack,2131,2025-10-31,No,No,149015.09
Corporate,Bhubaneswar,108,2025-11-29,No,Yes,60431.45
Marriage,Chennai,3228,2024-06-16,No,No,246369.2
Marriage,Ahmedabad,4021,2024-02-19,No,Yes,284836.98
Birthday,Ahmedabad,429,2025-04-14,No,No,45993.53
Corporate,Mumbai,2813,2024-06-09,No,No,253433.92
Meetup,Mumbai,2295,2024-11-15,No,Yes,201612.34
Marriage,Ahmedabad,3814,2024-08-13,No,No,261707.56
Meetup,Pune,3382,2024-09-22,Yes,No,243619.69
Meetup,Mumbai,1548,2025-12-15,Yes,Yes,159266.9
Birthday,Kolkata,830,2024-07-25,No,Yes,83079.9
Birthday,Pune,2110,2024-07-28,Yes,No,168018.38
Marriage,Delhi,4848,2025-03-18,No,Yes,402851.31
Corporate,Ahmedabad,4167,2024-06-23,No,No,270406.15
Meetup,Ahmedabad,2759,2024-01-10,No,No,168839.93
Meetup,Chennai,4757,2024-08-27,Yes,Yes,329817.65
Meetup,Delhi,3206,2024-07-09,Yes,Yes,268501.34
Meetup,Cuttack,3908,2024-05-29,Yes,No,228004.21
Birthday,Chennai,2217,2025-01-13,Yes,No,170815.67
Birthday,Chennai,3841,2025-04-14,Yes,Yes,278653.94
Meetup,Delhi,3621,2024-09-22,No,Yes,282113.04
Meetup,Mumbai,4381,2024-09-30,Yes,Yes,373356.24
Corporate,Kolkata,202,2025-12-08,Yes,No,69379.24
Corporate,Kolkata,3896,2025-06-18,Yes,Yes,302218.34
Corporate,Ahmedabad,1256,2024-10-01,No,Yes,123318.44
Birthday,Hyderabad,2174,2024-10-11,No,No,164305.78
Birthday,Delhi,4552,2024-05-13,Yes,No,356342.03
Corporate,Hyderabad,4191,2025-12-12,No,No,314907.28
Meetup,Chennai,2859,2025-12-20,Yes,Yes,214606.97
Birthday,Pune,3834,2025-09-28,No,Yes,273424.65
Meetup,Bhubaneswar,912,2024-11-29,No,Yes,79789.29
Meetup,Chennai,2691,2024-12-14,Yes,Yes,204526.45
Marriage,Chennai,4581,2024-01-03,No,No,325925.35
Marriage,Chennai,1505,2024-12-03,Yes,Yes,168724.94
Birthday,Pune,3279,2024-02-15,Yes,No,241861.82
Marriage,Bangalore,4870,2025-10-27,Yes,Yes,420519.9
Corporate,Delhi,4458,2025-08-12,Yes,Yes,380754.59
Birthday,Kolkata,4812,2024-09-28,Yes,Yes,337550.85
Birthday,Cuttack,3386,2024-08-10,Yes,No,206224.19
Corporate,Bangalore,2350,2024-12-07,Yes,Yes,232624.36
Marriage,Pune,1841,2025-12-24,No,Yes,179884.79
Marriage,Pune,914,2025-08-01,Yes,Yes,135645.82
Corporate,Kolkata,4004,2025-09-06,No,Yes,294714.69
Corporate,Pune,3333,2024-09-30,No,Yes,261554.83
Meetup,Ahmedabad,2223,2024-02-12,Yes,Yes,165914.2
Corporate,Delhi,202,2025-03-25,Yes,No,71737.96
Corporate,Bhubaneswar,4273,2025-03-10,No,No,276502.7
Meetup,Mumbai,4775,2024-11-14,No,Yes,386374.97
Marriage,Ahmedabad,4821,2024-04-14,No,No,317795.83
Birthday,Cuttack,2918,2024-02-17,Yes,Yes,194385.68
Birthday,Chennai,3705,2025-09-26,No,Yes,255344.84
Birthday,Pune,2598,2024-09-28,Yes,No,198774.97
Marriage,Hyderabad,4930,2024-07-30,Yes,No,387550.89
Birthday,Hyderabad,3496,2024-09-25,No,No,249168.3
Meetup,Cuttack,3496,2025-03-03,No,Yes,203574.85
Marriage,Cuttack,933,2024-02-08,No,Yes,109823.11
Birthday,Cuttack,3645,2025-12-03,No,Yes,216553.6
Marriage,Bhubaneswar,202,2024-09-27,Yes,No,77748.19
Birthday,Chennai,3954,2024-05-01,Yes,No,273712.28
Marriage,Chennai,3420,2024-03-03,Yes,No,272934.11
Meetup,Delhi,741,2025-07-14,No,Yes,80419.19
Meetup,Bhubaneswar,1696,2025-03-29,Yes,No,125321.45
Birthday,Kolkata,2835,2025-11-03,Yes,Yes,219291.34
Corporate,Kolkata,573,2024-03-24,No,No,77227.39
Corporate,Hyderabad,2110,2025-07-02,No,Yes,190602.37
Corporate,Kolkata,2483,2025-03-06,Yes,No,205870.81
Marriage,Mumbai,1328,2024-10-09,Yes,Yes,178805.67
Marriage,Chennai,1985,2025-04-02,No,No,171108.43
Meetup,Mumbai,3376,2024-01-28,No,No,269820.04
Meetup,Ahmedabad,4430,2025-12-31,Yes,Yes,287809.32
Corporate,Ahmedabad,1517,2024-06-22,No,Yes,137632.95
Birthday,Pune,2917,2025-10-12,Yes,No,219046.21
Birthday,Kolkata,4013,2024-10-03,Yes,Yes,289041.72
Birthday,Delhi,2747,2025-01-18,Yes,Yes,241593.49
Corporate,Chennai,2571,2025-01-24,Yes,No,210867.98
Marriage,Bhubaneswar,50,2024-01-19,No,No,55630.57
Corporate,Chennai,224,2025-11-24,No,Yes,66628.49
Corporate,Cuttack,3667,2025-08-30,Yes,Yes,253317.17
Corporate,Cuttack,766,2025-01-09,Yes,Yes,107874.89
Meetup,Ahmedabad,1630,2025-08-01,Yes,Yes,133217.92
Corporate,Delhi,372,2025-06-14,No,No,67861.95
Meetup,Mumbai,961,2024-09-10,Yes,Yes,116292.41
Meetup,Bangalore,3915,2025-01-23,No,No,291252.24
Meetup,Pune,4086,2025-02-15,No,Yes,283708.19
Meetup,Mumbai,852,2025-04-07,No,Yes,93772.77
Birthday,Bhubaneswar,3768,2025-03-02,No,No,229987.89
Corporate,Chennai,3151,2025-09-18,Yes,Yes,257754.77
Birthday,Kolkata,4195,2024-01-01,Yes,Yes,300172.1
Marriage,Kolkata,720,2024-03-12,Yes,Yes,121281.81
Birthday,Mumbai,1986,2025-03-02,Yes,No,186069.8
Corporate,Mumbai,3224,2024-04-08,No,No,284281.93
Meetup,Pune,2033,2025-03-28,Yes,Yes,170356.4
Marriage,Pune,2954,2025-12-29,No,Yes,248416.65
Corporate,Delhi,3274,2024-04-01,No,No,271164.13
Meetup,Ahmedabad,501,2025-07-26,No,Yes,56711.84
Corporate,Chennai,3192,2024-04-24,No,Yes,244557.69
Marriage,Cuttack,1559,2025-11-12,Yes,Yes,156060.86
Marriage,Hyderabad,944,2024-11-17,No,Yes,126152.6
Corporate,Kolkata,1373,2024-11-23,Yes,No,139279.57
Marriage,Delhi,1700,2024-04-02,Yes,No,185269.8
Marriage,Ahmedabad,2418,2024-02-21,Yes,No,199339.85
Meetup,Ahmedabad,207,2025-04-06,No,Yes,40510.73
Meetup,Bangalore,3558,2025-05-30,No,Yes,277303.45
Marriage,Kolkata,3736,2024-08-29,Yes,No,290286.73
Meetup,Bangalore,4368,2024-12-05,No,Yes,334078.21
Birthday,Ahmedabad,1706,2025-08-14,Yes,Yes,143636.54
Meetup,Bhubaneswar,2085,2024-11-25,No,No,131230.03
Meetup,Kolkata,4921,2024-01-12,No,Yes,325057.96
Marriage,Ahmedabad,4928,2025-10-02,Yes,No,338834.91
Corporate,Hyderabad,795,2025-07-23,No,Yes,104765.86
Birthday,Bangalore,1063,2025-05-04,Yes,Yes,123122.28
Marriage,Hyderabad,564,2025-06-27,No,Yes,100166.89
Corporate,Kolkata,360,2025-09-10,Yes,Yes,90504.38
Corporate,Hyderabad,1732,2024-03-10,Yes,No,168874.77
Birthday,Ahmedabad,4198,2025-09-04,Yes,Yes,279361.8
Meetup,Cuttack,1100,2024-01-29,No,Yes,84195.13
Birthday,Hyderabad,61,2024-01-08,Yes,Yes,52759.65
Birthday,Delhi,1215,2025-02-26,No,No,107731.9
Corporate,Delhi,557,2024-06-26,No,Yes,93702.47
Birthday,Cuttack,4719,2025-04-03,No,Yes,270067.25
Corporate,Chennai,1196,2024-08-03,No,No,114284.51
Marriage,Hyderabad,900,2025-04-21,Yes,Yes,137395.19
Marriage,Chennai,4955,2024-01-19,Yes,Yes,376962.19
Birthday,Ahmedabad,3179,2024-12-07,Yes,No,211739.56
Meetup,Hyderabad,670,2024-07-18,Yes,Yes,87982.03
Corporate,Chennai,3965,2025-12-08,No,Yes,291415.55
Meetup,Kolkata,4071,2025-03-14,No,No,260748.22
Marriage,Ahmedabad,2724,2024-09-19,No,Yes,214050.23
Meetup,Ahmedabad,1038,2024-12-14,Yes,Yes,101670.49
Birthday,Hyderabad,2027,2024-10-08,No,No,152895.83
Meetup,Bangalore,171,2025-01-25,Yes,Yes,56259.08
Meetup,Cuttack,365,2024-07-12,Yes,No,49507.74
Meetup,Bhubaneswar,4048,2024-07-11,Yes,No,254444.63
Marriage,Mumbai,4355,2024-08-30,No,Yes,389860.16
Marriage,Cuttack,2197,2025-09-25,Yes,Yes,188343.17
Marriage,Hyderabad,2465,2025-03-25,Yes,Yes,239833.51
Corporate,Hyderabad,1871,2025-05-16,No,No,163464.35
Corporate,Cuttack,2352,2024-01-04,No,No,160457.98
Corporate,Bangalore,4927,2024-06-02,No,Yes,398280.52
Corporate,Pune,4585,2025-07-05,Yes,Yes,355296.67
Birthday,Mumbai,922,2024-09-18,Yes,No,105537.55
Meetup,Delhi,1440,2025-03-01,No,No,118352.66
Meetup,Bangalore,931,2024-11-08,Yes,No,97228.58
Meetup,Cuttack,4917,2024-01-09,Yes,No,278522.67
Corporate,Ahmedabad,4033,2025-08-16,No,No,263965.36
Marriage,Kolkata,3487,2024-04-23,No,Yes,274170.17
Marriage,Bangalore,4120,2025-01-08,No,No,340498.83
Birthday,Kolkata,4346,2024-05-19,Yes,Yes,310571.58
Marriage,Ahmedabad,2747,2025-11-10,No,Yes,215257.24
Birthday,Bhubaneswar,1493,2025-03-14,No,Yes,116862.08
Birthday,Bangalore,3356,2025-01-26,No,No,256839.55
Birthday,Hyderabad,370,2025-09-22,Yes,No,61783.03
Birthday,Cuttack,3724,2025-06-01,No,Yes,219851.06
Corporate,Bangalore,2064,2025-07-18,No,Yes,198640.54
Corporate,Cuttack,4751,2025-12-12,Yes,No,293850.07
Corporate,Delhi,2112,2024-10-30,Yes,No,205809.51
Corporate,Bangalore,751,2025-09-07,Yes,Yes,121722.93
Birthday,Delhi,4558,2025-01-29,No,Yes,353743.58
Corporate,Ahmedabad,1942,2025-11-05,Yes,Yes,175417.79
Corporate,Bangalore,4528,2025-08-18,Yes,Yes,386461.6
Birthday,Bangalore,768,2025-01-19,Yes,Yes,103351.57
Marriage,Kolkata,4693,2025-02-19,Yes,Yes,360894.38
Marriage,Hyderabad,1894,2025-11-28,Yes,No,189321.52
Corporate,Ahmedabad,3701,2024-09-12,No,No,245906.66
Marriage,Bhubaneswar,964,2024-12-07,No,Yes,116534.67
Birthday,Mumbai,1774,2024-02-21,Yes,Yes,181543.08
Birthday,Ahmedabad,3516,2024-09-12,No,Yes,227762.33
Marriage,Mumbai,3667,2025-10-24,Yes,No,342848.88
Corporate,Ahmedabad,2512,2025-07-22,Yes,Yes,208072.65
Marriage,Hyderabad,2652,2025-06-26,No,No,223922.15
Meetup,Pune,3862,2024-05-16,No,Yes,270406.12
Meetup,Ahmedabad,1124,2025-07-26,No,No,78912.34
Birthday,Cuttack,3905,2024-09-06,Yes,No,232356.85
Meetup,Hyderabad,969,2025-05-11,No,No,79885.26
Meetup,Hyderabad,1762,2025-11-27,No,Yes,142579.62
Meetup,Hyderabad,1238,2025-03-30,Yes,Yes,124901.91
Birthday,Hyderabad,3099,2024-02-08,No,No,224287.85
Marriage,Bhubaneswar,2409,2025-04-24,Yes,Yes,211256.27
Meetup,Mumbai,2778,2024-03-26,No,No,224564.97
Marriage,Kolkata,4201,2025-01-03,No,No,304532.62
Corporate,Pune,3661,2024-01-27,Yes,Yes,297551.78
Birthday,Mumbai,4626,2024-01-03,No,Yes,381181.23
Marriage,Delhi,2836,2025-09-14,No,Yes,262172.23
Corporate,Cuttack,4473,2025-05-28,Yes,Yes,292908.88
Meetup,Chennai,3452,2025-07-01,Yes,No,238404.72
Meetup,Cuttack,4017,2024-09-26,No,Yes,230599.34
Corporate,Hyderabad,1369,2025-11-17,No,Yes,142138.08
Birthday,Chennai,3429,2024-05-02,No,Yes,239037.13
Meetup,Hyderabad,4637,2025-05-17,No,Yes,330945.22
Birthday,Bhubaneswar,4358,2025-11-30,No,Yes,273156.3
Marriage,Delhi,2163,2025-05-04,Yes,No,218582.36
Birthday,Bhubaneswar,3520,2025-02-03,Yes,No,229823.2
Meetup,Hyderabad,3461,2025-02-06,Yes,No,256773.5
Meetup,Bhubaneswar,2320,2025-08-04,No,Yes,156217.82
Meetup,Bangalore,213,2025-03-08,Yes,No,46628.87
Marriage,Chennai,3337,2024-09-07,Yes,No,267292.8
Meetup,Cuttack,1212,2024-11-21,No,Yes,90180.62
Corporate,Ahmedabad,1059,2025-01-10,No,Yes,112738.41
Marriage,Hyderabad,4670,2024-09-09,No,No,355929.41
Birthday,Bangalore,4089,2024-11-10,No,No,308072.74
Marriage,Bangalore,3329,2024-02-17,Yes,Yes,312931.26
Meetup,Chennai,3128,2025-06-20,No,Yes,215956.65
Birthday,Pune,3019,2025-01-11,No,No,211476.79
Marriage,Mumbai,1809,2024-10-01,Yes,No,203618.98
Marriage,Pune,2112,2024-06-21,No,Yes,196005.42
Meetup,Cuttack,812,2024-05-26,Yes,No,72914.96
Birthday,Pune,175,2025-08-18,No,Yes,44784.88
Meetup,Bangalore,3513,2025-12-11,Yes,No,278076.45
Meetup,Cuttack,1411,2024-12-27,Yes,No,102684.15
Corporate,Pune,4684,2025-07-06,Yes,Yes,362382.84
Meetup,Delhi,1828,2025-06-23,No,Yes,156393.17
Meetup,Mumbai,4453,2024-06-04,Yes,No,365683.14
Birthday,Ahmedabad,2575,2024-04-30,Yes,Yes,191258.89
Corporate,Kolkata,1246,2025-03-09,Yes,No,132226.89
Meetup,Mumbai,2429,2025-04-02,Yes,Yes,226336.13
Marriage,Hyderabad,1358,2025-04-19,No,No,140926.35
Birthday,Ahmedabad,3576,2024-07-17,Yes,Yes,246212.93
Birthday,Hyderabad,425,2025-07-28,Yes,Yes,76469.0
Marriage,Chennai,809,2024-04-20,Yes,No,116405.95
Marriage,Kolkata,610,2024-12-03,No,Yes,101521.04
Corporate,Delhi,4631,2025-02-17,No,Yes,379090.69
Corporate,Mumbai,4834,2024-04-28,No,Yes,416843.16
Birthday,Delhi,1592,2025-07-05,Yes,No,148427.78
Birthday,Ahmedabad,4397,2024-04-29,Yes,No,279833.61
Meetup,Chennai,4469,2025-09-22,Yes,No,299886.73
Birthday,Ahmedabad,4185,2024-12-19,Yes,No,266855.17
Birthday,Bhubaneswar,1607,2024-05-05,No,Yes,122729.82
Meetup,Ahmedabad,3358,2024-03-25,Yes,No,217116.38
Meetup,Bhubaneswar,863,2025-07-09,Yes,No,79047.77
Birthday,Pune,3908,2024-10-07,Yes,Yes,294009.2
Meetup,Hyderabad,835,2024-11-02,No,Yes,82909.79
Marriage,Cuttack,2533,2024-01-08,Yes,Yes,205320.79
Meetup,Delhi,3803,2024-09-24,No,No,282399.36
Meetup,Cuttack,4516,2024-05-24,Yes,Yes,269704.8
Meetup,Kolkata,137,2024-04-17,No,No,26148.87
Meetup,Pune,4631,2024-08-10,Yes,No,321682.0
Marriage,Cuttack,4009,2024-08-08,Yes,No,267740.29
Corporate,Ahmedabad,1641,2025-03-16,No,No,131986.24
Birthday,Ahmedabad,3442,2025-04-01,No,Yes,223145.93
Corporate,Chennai,865,2024-01-29,No,No,93049.87
Marriage,Hyderabad,4911,2024-12-05,Yes,Yes,398058.18
Birthday,Pune,1626,2025-11-02,Yes,Yes,150037.47
Marriage,Delhi,4882,2025-09-14,Yes,Yes,420505.89
Birthday,Cuttack,485,2025-12-06,No,Yes,58503.21
Marriage,Pune,870,2024-08-21,Yes,Yes,134349.84
Birthday,Chennai,1476,2024-04-26,No,Yes,122352.93
Birthday,Mumbai,3054,2025-12-31,No,No,250257.65
Meetup,Delhi,4289,2024-01-01,Yes,Yes,344159.31
Meetup,Ahmedabad,3043,2024-03-23,No,No,184679.41
Meetup,Cuttack,2792,2024-11-18,Yes,No,171361.03
Birthday,Ahmedabad,4597,2025-03-19,Yes,Yes,301048.8
Corporate,Bhubaneswar,1498,2024-01-21,No,Yes,136859.12
Birthday,Mumbai,4588,2024-10-09,Yes,No,380920.17
Meetup,Chennai,820,2025-05-07,Yes,Yes,93614.15
Marriage,Chennai,413,2024-04-10,Yes,Yes,103529.01
Marriage,Chennai,373,2025-08-08,No,Yes,86698.33
Marriage,Delhi,4299,2025-04-11,Yes,No,368027.83
Birthday,Bhubaneswar,3235,2025-05-28,No,Yes,211836.49
Marriage,Chennai,1268,2025-02-17,Yes,No,143896.09
Meetup,Hyderabad,4693,2024-06-19,No,Yes,333809.92
Marriage,Bhubaneswar,2589,2024-07-08,No,Yes,207130.53
Meetup,Chennai,3552,2024-07-16,Yes,Yes,257205.05
Corporate,Pune,2383,2025-07-27,Yes,Yes,218772.72
Corporate,Hyderabad,2547,2024-06-18,No,No,207773.51
Meetup,Bhubaneswar,2648,2024-12-17,No,Yes,173918.38
Marriage,Bangalore,3975,2025-07-17,No,Yes,341716.58
Meetup,Bangalore,739,2024-10-10,No,Yes,80498.58
Meetup,Delhi,4119,2024-06-23,Yes,No,319386.32
Meetup,Chennai,1481,2024-11-17,Yes,Yes,132468.52
Birthday,Pune,2420,2024-12-10,No,Yes,184707.72
Meetup,Cuttack,3448,2024-10-23,No,Yes,201272.87
Marriage,Bhubaneswar,1381,2025-11-13,No,No,127255.64
Marriage,Chennai,226,2025-11-23,Yes,No,79956.6
Meetup,Pune,711,2025-01-13,No,Yes,74143.62
Birthday,Hyderabad,2927,2025-04-02,Yes,Yes,239786.93
Marriage,Kolkata,118,2024-03-19,No,Yes,70485.41
Marriage,Mumbai,4445,2025-03-19,Yes,No,400982.66
Birthday,Kolkata,2329,2025-12-27,Yes,No,176089.91
Meetup,Ahmedabad,4904,2024-04-13,Yes,Yes,314019.14
Corporate,Delhi,430,2024-08-15,No,No,71837.84
Birthday,Pune,3316,2024-06-23,Yes,No,243576.21
Birthday,Delhi,523,2024-10-11,No,Yes,70484.45
Meetup,Bhubaneswar,1207,2025-02-23,Yes,Yes,110755.98
Marriage,Cuttack,3584,2024-07-01,No,No,231192.44
Corporate,Bangalore,3256,2024-04-29,Yes,Yes,297095.83
Corporate,Pune,1219,2024-11-16,No,Yes,130039.93
Meetup,Bhubaneswar,3008,2024-07-26,No,No,182379.24
Meetup,Bangalore,3655,2024-06-12,Yes,Yes,299258.83
Meetup,Bhubaneswar,4597,2024-10-08,Yes,Yes,297460.08
Meetup,Chennai,307,2024-04-08,No,Yes,46534.6
Marriage,Mumbai,4471,2024-09-05,No,No,387338.89
Birthday,Pune,4487,2025-01-03,No,Yes,314971.19
Corporate,Ahmedabad,2942,2025-08-12,Yes,No,219403.65
Marriage,Chennai,3578,2024-10-26,Yes,No,280923.28
Marriage,Mumbai,4409,2025-03-21,Yes,No,397504.93
Birthday,Mumbai,2514,2025-03-11,No,No,210335.0
Birthday,Hyderabad,668,2025-11-13,Yes,Yes,93368.47
Corporate,Pune,3836,2024-12-18,Yes,No,296914.81
Meetup,Bangalore,1129,2025-01-06,Yes,Yes,124006.31
Corporate,Cuttack,1851,2025-09-03,No,No,135127.75
Birthday,Delhi,2807,2025-07-08,Yes,Yes,246481.74
Meetup,Bhubaneswar,1859,2024-03-22,Yes,No,133359.58
Corporate,Bangalore,485,2025-05-28,Yes,No,90865.97
Corporate,Kolkata,4455,2025-02-23,Yes,No,324272.28
Corporate,Chennai,2372,2025-07-24,No,No,185169.39
Marriage,Cuttack,2155,2024-12-09,No,Yes,171316.29
Corporate,Ahmedabad,4311,2025-02-19,No,Yes,290535.76
Birthday,Chennai,4339,2024-12-25,No,No,281860.1
Corporate,Cuttack,4410,2024-01-14,No,Yes,274859.12
Corporate,Delhi,2440,2024-02-29,No,Yes,225334.33
Meetup,Pune,4248,2025-07-13,No,No,282246.79
Corporate,Delhi,4526,2024-05-19,Yes,No,374488.37
Corporate,Kolkata,4086,2024-11-13,No,Yes,298802.64
Meetup,Pune,3069,2024-02-26,Yes,Yes,235648.76
Marriage,Delhi,803,2025-04-05,No,Yes,120927.64
Meetup,Delhi,1593,2025-09-29,No,Yes,140366.55
Corporate,Ahmedabad,4713,2024-03-24,Yes,No,316726.53
Marriage,Kolkata,2250,2025-06-05,Yes,Yes,214820.85
Corporate,Bhubaneswar,261,2024-06-05,No,Yes,67476.35
Corporate,Bhubaneswar,3827,2024-04-24,Yes,Yes,278655.36
Marriage,Delhi,2129,2025-05-02,No,Yes,212911.61
Meetup,Bhubaneswar,3693,2025-12-20,Yes,No,234810.09
Meetup,Bhubaneswar,4786,2024-08-14,No,Yes,291472.79
Corporate,Kolkata,1912,2024-07-15,No,Yes,168439.71
Birthday,Ahmedabad,3752,2025-02-16,No,No,228138.85
Birthday,Ahmedabad,1575,2024-01-18,Yes,Yes,135900.9
Corporate,Bangalore,2507,2025-07-16,No,Yes,228675.2
Marriage,Pune,3751,2025-09-17,No,Yes,299397.71
Birthday,Chennai,857,2024-02-16,Yes,Yes,99835.23
Birthday,Bhubaneswar,3692,2025-07-11,No,Yes,236321.75
Birthday,Kolkata,1459,2025-11-27,Yes,No,124287.48
Meetup,Ahmedabad,1274,2025-11-07,Yes,No,102235.73
Corporate,Bhubaneswar,3613,2025-07-21,Yes,Yes,267747.06
Meetup,Kolkata,1463,2024-06-07,Yes,No,119179.7
Marriage,Mumbai,4763,2024-01-15,Yes,No,423715.54
Marriage,Bangalore,1511,2024-09-13,Yes,Yes,183786.35
Meetup,Hyderabad,2648,2024-02-12,No,No,188198.73
Birthday,Bhubaneswar,2228,2024-06-05,Yes,Yes,171132.43
Corporate,Kolkata,344,2024-10-25,No,No,62431.74
Marriage,Cuttack,3504,2024-09-18,Yes,No,243021.68
Meetup,Kolkata,895,2024-06-02,No,No,69725.8
Birthday,Kolkata,628,2025-10-20,No,Yes,71728.47
Meetup,Delhi,383,2025-11-02,Yes,No,59685.8
Meetup,Bhubaneswar,4013,2024-05-04,Yes,Yes,265121.81
Marriage,Bhubaneswar,3306,2025-11-09,Yes,Yes,260429.4
Birthday,Ahmedabad,115,2024-03-15,No,No,29044.69
Corporate,Mumbai,4248,2025-02-21,Yes,No,376148.56
Meetup,Cuttack,1677,2024-07-27,No,Yes,113225.63
Corporate,Ahmedabad,1115,2025-07-20,No,Yes,115032.74
Meetup,Bhubaneswar,3206,2025-05-27,No,Yes,205953.74
Meetup,Chennai,3745,2024-09-01,Yes,No,256150.48
Birthday,Cuttack,1243,2025-05-07,No,No,83794.21
Meetup,Bangalore,1355,2025-11-22,Yes,Yes,138053.65
Meetup,Kolkata,4544,2024-04-08,No,No,288693.74
Marriage,Delhi,1943,2025-06-20,Yes,Yes,215508.61
Meetup,Delhi,2927,2025-01-23,No,No,221051.32
Meetup,Bhubaneswar,322,2024-02-04,Yes,Yes,62325.97
Birthday,Cuttack,2178,2024-07-30,Yes,Yes,158165.3
Corporate,Mumbai,1523,2024-11-01,No,No,155258.59
Marriage,Cuttack,1940,2025-08-16,No,No,149680.63
Corporate,Chennai,3948,2024-05-10,Yes,Yes,305695.61
Corporate,Bhubaneswar,1348,2025-05-07,No,Yes,128411.47
Corporate,Chennai,514,2025-01-23,No,Yes,83982.25
Meetup,Chennai,4498,2025-10-04,No,No,286209.8
Marriage,Bhubaneswar,4360,2024-11-04,Yes,No,307334.06
Birthday,Hyderabad,121,2025-09-03,Yes,Yes,56988.54
Birthday,Delhi,2058,2025-12-04,Yes,No,181774.82
Marriage,Chennai,4528,2024-05-04,Yes,No,337759.07
Birthday,Delhi,3320,2025-12-31,Yes,No,269002.04
Meetup,Chennai,4191,2024-12-22,No,No,268107.76
Birthday,Chennai,196,2025-04-14,No,Yes,45860.0
Marriage,Hyderabad,3419,2025-11-09,Yes,No,288299.78
Marriage,Pune,2574,2024-02-18,No,No,212225.06
Meetup,Mumbai,1119,2024-05-14,No,Yes,112964.92
Corporate,Mumbai,210,2024-07-24,Yes,No,73263.83
Corporate,Cuttack,2718,2024-07-26,No,No,178545.72
Meetup,Delhi,1760,2025-05-28,No,No,140948.3
Birthday,Chennai,1696,2024-04-07,No,No,124211.73
Corporate,Hyderabad,3215,2025-06-14,No,No,250466.55
Meetup,Bhubaneswar,3833,2025-11-20,Yes,Yes,255617.92
Birthday,Delhi,3554,2024-07-15,Yes,Yes,298449.34
Meetup,Ahmedabad,3262,2024-12-28,No,No,195956.09
Birthday,Delhi,3381,2024-02-03,No,No,258232.06
Birthday,Mumbai,2891,2025-11-16,Yes,No,254642.18
Meetup,Delhi,1433,2025-08-24,No,Yes,129980.0
Meetup,Delhi,1348,2024-03-10,Yes,No,127136.03
Marriage,Bhubaneswar,3922,2024-02-22,Yes,No,282720.65
Meetup,Hyderabad,1305,2025-06-06,No,Yes,113016.53
Birthday,Chennai,934,2024-06-20,Yes,Yes,104071.56
Meetup,Kolkata,2290,2025-11-30,Yes,Yes,181464.99
Birthday,Cuttack,2643,2024-10-07,Yes,No,169740.34
Birthday,Cuttack,580,2025-11-01,No,Yes,62939.57
Meetup,Cuttack,4100,2025-04-02,No,No,222012.09
Marriage,Ahmedabad,648,2025-01-17,Yes,Yes,114160.45
Corporate,Kolkata,3660,2025-08-13,Yes,No,276394.24
Birthday,Chennai,96,2024-09-19,No,Yes,38854.7
Corporate,Kolkata,4588,2024-03-20,No,Yes,328544.3
Meetup,Bangalore,2214,2025-01-15,No,Yes,183141.7
Meetup,Mumbai,3621,2024-04-13,Yes,Yes,315634.07
Corporate,Mumbai,3825,2024-04-02,No,No,328691.85
Meetup,Bangalore,1512,2024-04-10,No,No,122099.0
Meetup,Bangalore,3443,2024-06-14,No,No,257483.97
Marriage,Ahmedabad,1672,2025-10-19,Yes,No,159403.25
Corporate,Hyderabad,469,2025-08-08,No,Yes,84752.48
Birthday,Bhubaneswar,3664,2025-06-22,Yes,No,238207.03
Corporate,Pune,3890,2024-04-25,No,No,284932.11
Meetup,Delhi,2266,2024-09-22,No,Yes,187001.51
Meetup,Mumbai,3159,2024-10-03,No,No,254590.56
Meetup,Hyderabad,4263,2024-12-31,Yes,Yes,320656.73
Marriage,Ahmedabad,823,2025-05-06,Yes,Yes,125059.56
Birthday,Pune,1696,2025-12-29,Yes,No,142983.98
Meetup,Ahmedabad,4198,2025-03-16,Yes,Yes,274173.77
Corporate,Bangalore,1118,2025-01-24,Yes,No,135808.8
Marriage,Bangalore,2693,2025-10-16,No,No,240929.59
Corporate,Kolkata,3932,2024-09-14,No,No,277334.29
Marriage,Bhubaneswar,2696,2025-11-19,Yes,Yes,226349.39
Corporate,Pune,437,2024-10-05,Yes,No,85006.34
Birthday,Delhi,3145,2024-12-24,No,No,241633.26
Corporate,Mumbai,3177,2024-11-30,No,No,280365.02
Birthday,Mumbai,2831,2024-06-13,Yes,No,248590.16
Birthday,Kolkata,1156,2024-11-28,No,Yes,103946.96
Birthday,Chennai,206,2025-12-01,No,Yes,47168.82
Birthday,Kolkata,2118,2024-11-16,No,Yes,162071.19
Birthday,Pune,3874,2025-10-20,Yes,Yes,290931.22
Meetup,Chennai,1783,2024-03-16,Yes,Yes,150656.38
Meetup,Pune,4612,2024-03-19,No,No,304780.09
Corporate,Bangalore,1133,2024-06-26,No,Yes,133587.9
Meetup,Kolkata,4721,2024-12-20,Yes,Yes,327172.05
Meetup,Ahmedabad,2479,2024-02-20,Yes,Yes,180103.36
Birthday,Pune,4541,2025-05-22,No,No,306648.12
Marriage,Kolkata,581,2025-08-06,No,Yes,98650.32
Meetup,Pune,937,2024-11-19,No,No,75147.92
Marriage,Cuttack,4010,2025-01-25,Yes,Yes,279247.61
Meetup,Bhubaneswar,3322,2025-04-13,Yes,Yes,226462.15
Corporate,Ahmedabad,2701,2024-03-18,Yes,Yes,217482.69
Marriage,Hyderabad,156,2025-05-13,No,Yes,73975.68
Marriage,Hyderabad,4937,2025-09-09,No,Yes,385305.84
Corporate,Bangalore,291,2025-02-18,No,No,63113.08
Meetup,Mumbai,2126,2024-02-17,Yes,No,190962.79
Corporate,Hyderabad,818,2025-06-08,No,Yes,106724.1
Marriage,Kolkata,3497,2025-02-27,Yes,Yes,289658.82
Corporate,Delhi,2213,2024-11-12,Yes,Yes,223300.57
Marriage,Bangalore,838,2025-11-13,No,Yes,122401.31
Meetup,Kolkata,3079,2024-09-23,Yes,Yes,228501.06
Birthday,Bhubaneswar,1397,2024-09-16,No,No,99232.79
Birthday,Chennai,2119,2024-10-07,Yes,No,164693.9
Meetup,Pune,3034,2024-11-26,No,Yes,218450.54
Marriage,Bhubaneswar,408,2025-12-13,No,No,74118.96
Marriage,Pune,4074,2024-10-14,No,Yes,318738.05
Corporate,Hyderabad,2921,2024-04-13,Yes,No,246627.11
Marriage,Chennai,2437,2025-06-24,No,No,198859.22
Birthday,Bangalore,2899,2025-06-09,No,Yes,237316.47
Birthday,Delhi,1210,2025-09-07,No,Yes,118961.82
Corporate,Pune,3860,2024-02-04,Yes,Yes,309702.21
Corporate,Pune,1325,2025-05-27,No,No,125066.7
Corporate,Pune,1421,2024-06-22,No,No,130642.8
Birthday,Bangalore,3130,2024-11-20,Yes,No,256710.39
Meetup,Delhi,4786,2024-08-12,Yes,No,366750.43
Marriage,Cuttack,4603,2025-06-08,Yes,Yes,309705.82
Meetup,Pune,2408,2025-10-24,Yes,Yes,193621.18
Meetup,Mumbai,4702,2025-01-10,No,No,370353.94
Meetup,Mumbai,3707,2024-01-17,Yes,No,310558.7
Birthday,Chennai,4070,2025-09-04,No,Yes,278018.08
Meetup,Bangalore,1794,2025-09-11,Yes,No,156974.18
Birthday,Cuttack,3391,2025-11-25,No,No,192067.89
Birthday,Pune,986,2025-04-10,Yes,No,97633.79
Birthday,Delhi,3786,2025-07-16,Yes,No,302345.66
Meetup,Pune,2901,2025-04-29,Yes,No,214312.14
Marriage,Chennai,3776,2025-05-10,No,No,277895.33
Meetup,Pune,4293,2024-06-23,No,No,285076.02
Meetup,Bangalore,3478,2024-10-17,No,No,260197.21
Corporate,Bhubaneswar,4349,2025-06-04,No,Yes,292933.43
Marriage,Bangalore,2013,2024-06-30,No,No,192934.6
Marriage,Pune,1098,2024-02-17,No,Yes,132312.7
Meetup,Pune,1561,2025-07-13,Yes,Yes,140861.7
Marriage,Bangalore,2387,2024-01-18,No,No,218457.65
Marriage,Chennai,1005,2025-01-11,Yes,Yes,139316.37
Corporate,Cuttack,164,2024-05-08,No,Yes,61850.16
Marriage,Pune,1791,2024-10-31,Yes,Yes,191662.04
Birthday,Ahmedabad,4903,2025-03-08,Yes,Yes,318413.1
Marriage,Ahmedabad,3427,2025-04-20,Yes,No,255005.24
Corporate,Mumbai,1152,2025-05-31,No,Yes,141080.86
Birthday,Mumbai,4293,2024-11-17,Yes,Yes,371635.02
Marriage,Pune,2367,2024-09-21,Yes,No,215314.1
Meetup,Ahmedabad,4082,2025-03-13,No,No,242293.38
Birthday,Bhubaneswar,4124,2024-08-16,Yes,No,264641.89
Birthday,Kolkata,3383,2025-02-08,Yes,Yes,252340.99
Meetup,Bangalore,842,2025-01-30,No,Yes,88042.17
Corporate,Cuttack,494,2024-07-31,No,No,66323.82
Birthday,Bhubaneswar,4016,2025-06-08,No,No,243214.03
Birthday,Bangalore,1614,2024-05-20,Yes,Yes,162363.88
Marriage,Cuttack,3991,2024-02-13,Yes,Yes,278883.92
Marriage,Pune,2619,2025-05-06,Yes,No,230229.96
Corporate,Ahmedabad,2116,2025-12-04,No,No,158541.39
Corporate,Pune,719,2025-01-12,Yes,No,102678.79
Meetup,Chennai,1741,2025-11-14,Yes,Yes,148908.4
Corporate,Chennai,56,2025-07-02,No,No,44499.35
Marriage,Bangalore,3173,2024-12-11,No,Yes,286908.8
Corporate,Delhi,3384,2024-12-24,No,Yes,289962.72
Meetup,Pune,3835,2025-07-15,Yes,No,272318.26
Marriage,Kolkata,3817,2024-08-04,No,Yes,293567.24
Meetup,Kolkata,4342,2024-12-11,Yes,No,292427.13
Meetup,Bhubaneswar,3055,2025-08-13,No,No,185377.91
Corporate,Bangalore,1424,2025-10-01,Yes,No,156789.12
Marriage,Delhi,910,2024-11-28,No,Yes,126724.61
Birthday,Cuttack,754,2024-03-07,Yes,No,75619.06
Meetup,Bangalore,4061,2025-09-14,Yes,Yes,328245.65
Marriage,Ahmedabad,3009,2025-10-12,Yes,No,232681.99
Meetup,Chennai,2125,2024-07-31,Yes,Yes,172240.69
Corporate,Hyderabad,2236,2024-05-03,Yes,No,201905.62
Marriage,Kolkata,2761,2025-11-05,No,Yes,230276.39
Corporate,Chennai,4829,2025-12-14,No,No,331911.0
Meetup,Kolkata,3035,2024-09-21,No,No,199605.08
Birthday,Chennai,1283,2024-07-07,Yes,No,113080.42
Birthday,Hyderabad,140,2025-12-31,No,Yes,42461.25
Meetup,Chennai,2224,2025-02-23,No,No,151163.77
Corporate,Kolkata,4814,2024-05-01,No,No,331494.13
Corporate,Chennai,4795,2025-10-08,No,Yes,341207.75
Birthday,Bangalore,2242,2024-10-01,No,No,179473.81
Corporate,Bhubaneswar,1320,2024-10-29,No,Yes,127472.97
Marriage,Delhi,2906,2024-10-27,No,No,255447.8
Marriage,Bangalore,3234,2025-09-15,No,Yes,289587.86
Corporate,Bangalore,4661,2025-11-02,Yes,No,382797.15
Birthday,Hyderabad,2128,2025-05-23,Yes,No,175697.73
Corporate,Cuttack,4693,2024-12-22,No,Yes,289186.32
Birthday,Bhubaneswar,3781,2024-04-10,No,Yes,242034.39
Meetup,Bangalore,1535,2025-11-17,No,Yes,136305.94
Marriage,Pune,2706,2024-09-16,No,No,222075.98
Marriage,Hyderabad,2850,2024-05-27,No,Yes,249776.94
Marriage,Cuttack,298,2024-08-28,No,Yes,78607.7
Birthday,Cuttack,453,2025-05-06,Yes,Yes,70715.89
Marriage,Mumbai,3718,2024-11-09,No,Yes,343763.8
Birthday,Pune,3480,2024-02-12,Yes,No,254382.46
Birthday,Ahmedabad,2187,2025-01-17,Yes,Yes,168791.12
Corporate,Kolkata,4358,2024-07-15,No,Yes,316285.57
Birthday,Bhubaneswar,2739,2025-12-14,Yes,Yes,198758.64
Marriage,Bangalore,3524,2024-03-24,No,Yes,309858.89
Birthday,Hyderabad,4509,2025-03-09,No,Yes,327133.35
Birthday,Cuttack,2438,2024-07-24,Yes,Yes,171455.88
Meetup,Cuttack,2987,2024-12-03,Yes,Yes,194299.9
Meetup,Ahmedabad,2594,2025-05-04,Yes,No,174651.15
Birthday,Hyderabad,4222,2025-09-24,No,Yes,308133.33
Meetup,Ahmedabad,4276,2025-12-24,Yes,No,267660.83
Birthday,Kolkata,890,2024-03-20,Yes,Yes,101658.41
Meetup,Kolkata,3837,2024-06-02,No,Yes,259593.61
Corporate,Mumbai,836,2024-04-01,Yes,Yes,131398.33
Meetup,Cuttack,2549,2025-09-08,Yes,Yes,172232.08
Corporate,Chennai,2269,2024-01-13,No,No,178084.24
Marriage,Bhubaneswar,115,2025-05-20,No,No,58270.02
Meetup,Chennai,2619,2025-12-18,No,Yes,186158.81
Meetup,Cuttack,3485,2025-07-05,Yes,Yes,217470.11
Meetup,Pune,4070,2025-08-13,No,Yes,283556.07
Birthday,Cuttack,2649,2025-11-21,Yes,No,169739.3
Meetup,Pune,3193,2025-06-10,Yes,No,230805.16
Meetup,Bhubaneswar,235,2025-02-08,Yes,No,44998.23
Birthday,Ahmedabad,3232,2025-10-16,No,Yes,212439.38
Meetup,Hyderabad,1329,2025-09-07,Yes,No,117737.05
Marriage,Ahmedabad,3051,2025-07-14,Yes,Yes,246610.81
Marriage,Mumbai,461,2024-02-20,Yes,Yes,113697.03
Meetup,Cuttack,4995,2024-07-26,No,No,266714.73
Meetup,Cuttack,4761,2024-07-24,Yes,Yes,282372.65
Marriage,Bhubaneswar,273,2025-12-20,Yes,Yes,94071.59
Birthday,Bangalore,1654,2025-02-14,Yes,Yes,164856.2
Corporate,Pune,4695,2025-02-25,No,No,334830.49
Corporate,Pune,4384,2025-10-26,No,Yes,328705.57
Birthday,Hyderabad,4846,2024-04-02,No,No,337329.8
Marriage,Ahmedabad,3672,2025-01-12,Yes,No,269141.54
Birthday,Bhubaneswar,4120,2025-06-19,No,Yes,260919.39
Marriage,Mumbai,3414,2024-07-13,No,Yes,320561.8
Corporate,Pune,268,2024-01-02,No,Yes,70928.1
Meetup,Pune,2857,2024-05-22,No,No,195993.79
Birthday,Kolkata,2519,2024-01-03,No,Yes,186064.96
Meetup,Cuttack,4649,2024-07-24,No,Yes,261789.39
Corporate,Delhi,4994,2024-04-13,No,No,391915.28
Corporate,Bhubaneswar,4116,2024-02-02,No,Yes,280924.56
Marriage,Chennai,4110,2024-11-06,Yes,Yes,325518.94
Corporate,Chennai,3091,2025-12-15,No,No,228060.63
Marriage,Bangalore,1139,2025-06-06,Yes,No,146123.97
Meetup,Cuttack,3343,2024-11-19,Yes,No,198173.36
Birthday,Cuttack,3841,2025-08-11,No,No,213306.5
Meetup,Kolkata,2335,2024-12-08,Yes,Yes,185099.17
Corporate,Mumbai,4264,2024-11-21,Yes,No,375808.61
Birthday,Delhi,1504,2024-04-18,Yes,No,141589.03
Corporate,Cuttack,2083,2025-07-24,Yes,No,161759.55
Meetup,Kolkata,2593,2024-07-15,Yes,Yes,198808.4
Corporate,Cuttack,3411,2025-07-13,Yes,No,228381.88
Meetup,Kolkata,4992,2024-10-12,No,Yes,328857.03
Corporate,Delhi,664,2024-01-23,No,No,88183.11
Marriage,Bhubaneswar,3459,2024-07-08,Yes,No,257939.66
Birthday,Delhi,2697,2025-04-08,No,No,210983.63
Birthday,Mumbai,2489,2025-08-27,No,Yes,219777.13
Birthday,Mumbai,2870,2025-08-10,Yes,No,252861.6
Corporate,Bhubaneswar,740,2024-12-16,Yes,No,97525.11
Marriage,Bhubaneswar,2247,2024-09-28,Yes,No,191182.62
Meetup,Chennai,1281,2024-11-05,No,Yes,105529.83
Corporate,Delhi,3623,2024-01-13,No,No,295118.51
Marriage,Bhubaneswar,4878,2024-08-20,No,No,320849.29
Corporate,Cuttack,1837,2024-10-27,No,Yes,145807.45
Birthday,Delhi,4984,2025-09-06,Yes,Yes,396927.59
Marriage,Cuttack,1775,2024-04-17,No,Yes,153366.92
Meetup,Ahmedabad,702,2025-06-27,Yes,No,71387.54
Birthday,Hyderabad,1059,2025-05-18,No,No,89942.55
Marriage,Hyderabad,1488,2025-07-23,Yes,No,164354.95
Corporate,Pune,2931,2024-02-13,Yes,No,239697.04
Birthday,Delhi,685,2024-02-20,No,Yes,81733.1
Birthday,Kolkata,3839,2025-08-12,Yes,No,267884.09
Corporate,Bangalore,4806,2025-12-29,No,Yes,389542.8
Birthday,Mumbai,371,2025-05-04,No,Yes,62705.09
Meetup,Bangalore,2529,2025-10-03,Yes,No,208124.71
Meetup,Bhubaneswar,4979,2024-04-06,No,No,291646.71
Corporate,Pune,2081,2024-05-04,No,No,171957.24
Meetup,Mumbai,1049,2024-10-04,No,No,95562.42
Corporate,Pune,4970,2024-10-27,Yes,Yes,379412.63
Meetup,Mumbai,4013,2024-04-09,No,Yes,329178.97
Marriage,Bhubaneswar,1433,2024-11-10,No,Yes,142698.4
Marriage,Bangalore,4468,2024-10-09,Yes,No,379246.16
Meetup,Pune,1865,2025-09-20,Yes,No,147650.35
Corporate,Hyderabad,2183,2024-11-27,Yes,No,199208.92
Marriage,Cuttack,2896,2025-05-03,Yes,No,212707.86
Birthday,Cuttack,533,2025-06-17,No,No,47834.86
Meetup,Ahmedabad,1963,2025-09-09,No,Yes,136046.42
Birthday,Kolkata,1546,2025-03-23,Yes,No,130011.85
Marriage,Delhi,2054,2025-04-01,No,No,196367.16
Marriage,Hyderabad,4525,2024-10-02,Yes,Yes,372442.38
Marriage,Ahmedabad,4945,2025-04-27,Yes,No,338520.12
Birthday,Pune,1389,2025-05-20,No,No,108207.03
Marriage,Kolkata,3040,2025-04-01,Yes,Yes,260445.46
Birthday,Kolkata,1527,2024-06-08,No,No,112948.22
Marriage,Pune,1704,2024-04-28,No,No,159474.32
Corporate,Bangalore,639,2025-10-05,No,No,87541.29
Corporate,Ahmedabad,3812,2025-07-02,Yes,No,265874.79
Birthday,Cuttack,746,2025-07-07,No,Yes,71428.61
Marriage,Kolkata,1896,2024-09-05,Yes,Yes,192867.09
Marriage,Kolkata,2669,2024-04-06,No,Yes,224086.92
Meetup,Cuttack,1452,2024-06-23,No,No,90585.4
Meetup,Kolkata,2916,2024-10-14,Yes,No,207771.63
Meetup,Bangalore,3381,2024-03-28,Yes,No,268314.22
Marriage,Pune,4121,2024-04-09,No,No,309423.05
Meetup,Chennai,4906,2024-02-09,Yes,Yes,338852.09
Corporate,Chennai,4644,2025-09-09,No,Yes,331950.9
Birthday,Cuttack,1094,2025-10-02,No,No,76045.47
Meetup,Pune,3069,2024-06-27,No,Yes,221775.93
Marriage,Bangalore,3850,2025-01-23,Yes,No,336954.88
Corporate,Hyderabad,2873,2025-06-13,No,Yes,241445.8
Marriage,Bangalore,3676,2024-06-26,No,No,308556.86
Birthday,Bhubaneswar,3476,2025-09-22,No,Yes,224190.63
Birthday,Kolkata,4337,2025-06-01,Yes,Yes,308370.36
Birthday,Mumbai,3692,2025-12-04,No,No,298048.01
Birthday,Kolkata,3469,2024-02-22,No,Yes,242262.33
Corporate,Chennai,3277,2024-06-22,Yes,Yes,265735.12
Corporate,Bangalore,1662,2025-12-08,No,Yes,170346.89
Corporate,Delhi,4508,2024-12-19,Yes,Yes,384325.27
Meetup,Bangalore,1916,2025-06-11,No,Yes,162869.97
Corporate,Pune,2550,2025-05-31,Yes,Yes,228860.3
Meetup,Chennai,4321,2025-08-28,Yes,No,290653.42
Birthday,Pune,1944,2025-09-21,No,No,144066.15
Birthday,Mumbai,3209,2024-08-31,Yes,No,278328.26
Marriage,Bangalore,121,2025-04-11,Yes,No,75624.09
Meetup,Kolkata,1216,2024-06-29,Yes,No,105476.95
Meetup,Pune,3104,2024-12-24,No,Yes,223325.77
Corporate,Pune,3753,2025-12-15,Yes,Yes,303437.41
Birthday,Delhi,3307,2025-08-13,Yes,No,267519.7
Marriage,Mumbai,2760,2025-05-24,Yes,No,273893.62
Marriage,Hyderabad,3069,2025-11-11,Yes,Yes,279355.81
Birthday,Kolkata,4628,2025-04-27,No,No,300642.42
Birthday,Chennai,3040,2025-03-30,Yes,Yes,231688.1
Marriage,Mumbai,1852,2025-10-22,Yes,No,205002.47
Marriage,Pune,3561,2024-03-16,Yes,No,288836.06
Birthday,Cuttack,2378,2025-10-21,No,No,141781.68
Birthday,Hyderabad,146,2025-08-18,No,No,32465.48
Birthday,Bhubaneswar,2752,2025-05-06,Yes,Yes,200462.52
Birthday,Kolkata,4095,2024-09-25,Yes,Yes,293806.81
Marriage,Bangalore,1866,2025-06-14,No,Yes,195351.63
Marriage,Cuttack,4019,2024-05-26,No,No,253699.41
Meetup,Pune,4464,2025-10-02,No,Yes,308630.89
Corporate,Bhubaneswar,2952,2024-03-15,No,No,204610.65
Corporate,Chennai,493,2024-12-29,Yes,Yes,98955.19
Meetup,Mumbai,1533,2024-07-18,Yes,No,146811.54
Marriage,Chennai,2264,2024-11-19,No,Yes,200392.57
Birthday,Kolkata,2859,2025-04-17,No,No,193538.48
Corporate,Bhubaneswar,1195,2025-06-06,No,No,107446.22
Corporate,Bangalore,1755,2025-11-17,Yes,No,179280.25
Birthday,Hyderabad,1274,2024-05-01,No,Yes,116637.42
Marriage,Bangalore,1859,2024-02-21,Yes,Yes,209766.35
Meetup,Cuttack,4778,2024-03-19,Yes,No,271699.1
Corporate,Ahmedabad,165,2025-09-02,No,No,50358.3
Meetup,Bangalore,2999,2024-10-14,No,No,227695.2
Meetup,Bhubaneswar,4986,2025-04-30,Yes,Yes,317478.11
Birthday,Bhubaneswar,2950,2025-09-26,Yes,Yes,211033.28
Marriage,Bangalore,4724,2024-09-19,No,No,382288.73
Corporate,Chennai,862,2024-10-14,No,No,94149.74
Marriage,Hyderabad,2674,2025-11-10,Yes,No,241225.06
Marriage,Mumbai,3012,2024-02-17,Yes,No,292989.68
Corporate,Ahmedabad,1512,2024-06-26,No,Yes,137290.55
Corporate,Chennai,847,2024-02-03,No,No,93714.1
Birthday,Hyderabad,2439,2025-05-08,No,No,179947.61
Meetup,Ahmedabad,3947,2024-11-15,Yes,Yes,261468.48
Meetup,Hyderabad,4269,2025-05-19,No,No,294610.54
Marriage,Chennai,810,2024-08-05,No,No,101544.27
Corporate,Cuttack,3389,2025-12-21,No,No,211476.8
Marriage,Pune,412,2025-07-31,Yes,No,92421.16
Marriage,Ahmedabad,3052,2025-11-01,No,Yes,230999.07
Meetup,Ahmedabad,2873,2025-07-17,No,No,174121.2
Meetup,Bangalore,3592,2024-12-15,No,Yes,279961.84
Birthday,Bhubaneswar,3515,2025-07-11,Yes,Yes,242861.44
Meetup,Bhubaneswar,453,2024-07-13,Yes,Yes,68478.55
Marriage,Hyderabad,2622,2024-02-01,Yes,No,237167.76
Meetup,Ahmedabad,131,2025-07-26,Yes,Yes,50945.73
Marriage,Chennai,3038,2024-05-26,Yes,Yes,262271.55
Marriage,Kolkata,2580,2025-04-01,Yes,No,221390.7
Birthday,Chennai,3391,2024-06-27,Yes,Yes,251988.21
Birthday,Ahmedabad,4683,2025-05-13,No,Yes,291225.55
Marriage,Cuttack,1694,2024-11-12,No,Yes,148761.75
Meetup,Mumbai,1107,2025-10-10,Yes,No,115000.12
Birthday,Delhi,4494,2024-03-20,No,Yes,348578.96
Marriage,Cuttack,4495,2025-02-23,No,Yes,288542.89
Marriage,Cuttack,2129,2025-06-25,Yes,Yes,186120.45
Meetup,Chennai,2605,2025-11-05,Yes,Yes,200851.16
Meetup,Kolkata,4834,2025-04-21,Yes,Yes,334181.47
Marriage,Bangalore,4067,2025-09-18,Yes,Yes,364080.1
Corporate,Hyderabad,2070,2024-04-19,Yes,Yes,203856.94
Corporate,Chennai,4727,2025-02-04,No,No,325164.12
Meetup,Kolkata,3959,2024-08-21,Yes,No,269645.73
Marriage,Pune,530,2024-10-07,No,No,84952.85
Meetup,Chennai,4152,2025-04-14,No,No,266723.06
Meetup,Bhubaneswar,135,2025-12-19,No,No,25422.49
Marriage,Cuttack,1572,2025-10-09,Yes,Yes,157245.0
Marriage,Hyderabad,119,2025-12-14,No,Yes,70827.42
Birthday,Bangalore,2945,2024-08-28,No,No,228487.02
Birthday,Bangalore,771,2025-05-06,No,No,75340.16
Birthday,Bhubaneswar,4297,2024-06-30,Yes,No,274311.9
Meetup,Ahmedabad,1904,2025-07-22,No,No,122499.12
Marriage,Kolkata,2938,2025-04-18,Yes,No,244144.12
Birthday,Delhi,265,2025-11-20,Yes,Yes,67274.0
Marriage,Cuttack,153,2025-09-01,No,Yes,71419.87
Birthday,Bangalore,4983,2024-05-04,No,Yes,381929.19
Meetup,Cuttack,1644,2025-05-31,Yes,Yes,125797.96
Meetup,Pune,4287,2025-12-23,Yes,No,300315.53
Marriage,Mumbai,1887,2025-06-01,Yes,No,208602.83
Corporate,Hyderabad,869,2025-04-17,Yes,Yes,126095.74
Meetup,Bhubaneswar,4264,2025-05-22,Yes,Yes,278364.14
Meetup,Kolkata,166,2024-06-29,No,Yes,39183.6
Meetup,Pune,3993,2024-03-12,No,No,266518.05
Birthday,Bhubaneswar,1810,2025-11-24,Yes,No,135967.23
Birthday,Chennai,2401,2025-03-09,Yes,No,181882.7
Corporate,Bangalore,3596,2025-12-24,Yes,No,308999.49
Marriage,Kolkata,691,2025-10-27,No,No,92743.49
Meetup,Ahmedabad,2452,2025-06-05,No,Yes,164241.8
Corporate,Bhubaneswar,1623,2024-07-03,Yes,Yes,159146.81
Marriage,Ahmedabad,3439,2025-07-16,No,Yes,253241.38
Birthday,Kolkata,746,2025-06-08,Yes,No,81258.72
Corporate,Hyderabad,1189,2025-04-10,Yes,No,134197.51
Meetup,Mumbai,3953,2025-07-19,No,Yes,326243.03
Meetup,Pune,3975,2025-12-31,Yes,Yes,291787.95
Meetup,Delhi,4545,2024-08-20,Yes,No,350502.06
Corporate,Ahmedabad,2719,2025-01-06,No,No,191082.92
Meetup,Kolkata,2928,2025-12-19,Yes,Yes,219446.75
Corporate,Delhi,4956,2024-03-24,No,Yes,401454.38
Marriage,Kolkata,3905,2024-11-06,Yes,No,301643.71
Meetup,Delhi,1053,2025-02-27,Yes,No,105258.74
Marriage,Bangalore,4403,2025-03-12,Yes,Yes,388005.07
Meetup,Mumbai,3130,2025-06-07,Yes,No,267304.63
Birthday,Bhubaneswar,3784,2025-10-27,No,No,230146.93
Meetup,Bangalore,1164,2025-08-03,Yes,No,113547.47
Marriage,Chennai,4119,2024-01-27,No,Yes,310549.4
Meetup,Bhubaneswar,1172,2024-03-08,Yes,No,96905.58
Marriage,Mumbai,1259,2025-04-14,No,Yes,158634.99
Meetup,Cuttack,1557,2025-11-13,No,No,95359.24
Corporate,Delhi,2814,2024-01-14,No,No,239907.99
Meetup,Cuttack,2169,2025-12-25,Yes,No,139655.2
Marriage,Kolkata,3305,2025-10-30,No,No,250227.0
Marriage,Delhi,201,2025-07-15,No,Yes,79017.94
Meetup,Cuttack,1205,2024-08-28,Yes,No,91259.04
Marriage,Ahmedabad,951,2025-12-18,No,No,105082.26
Marriage,Bhubaneswar,210,2024-11-12,No,No,63726.04
Birthday,Ahmedabad,815,2024-05-16,Yes,No,80992.32
Marriage,Ahmedabad,180,2025-05-09,Yes,No,76739.83
Birthday,Delhi,4790,2024-04-15,No,Yes,368663.93
Birthday,Mumbai,3736,2024-06-26,No,No,301909.26
Birthday,Bhubaneswar,3027,2025-11-02,No,Yes,199615.98
Meetup,Delhi,821,2025-08-09,No,No,75389.24
Meetup,Hyderabad,4923,2024-04-27,No,Yes,349434.52
Marriage,Kolkata,186,2025-01-26,No,No,63220.15
Marriage,Ahmedabad,4812,2024-05-08,Yes,No,331754.47
Birthday,Kolkata,4977,2025-02-05,Yes,No,335036.1
Marriage,Chennai,3392,2025-04-06,No,No,255071.57
Marriage,Delhi,314,2024-06-24,No,No,73205.16
Corporate,Mumbai,1199,2025-02-23,No,No,131535.69
Corporate,Hyderabad,3578,2024-02-26,No,No,275349.1
Marriage,Mumbai,4780,2024-12-04,Yes,No,424523.64
Birthday,Ahmedabad,4682,2024-01-03,No,Yes,291664.3
Birthday,Mumbai,4961,2024-09-17,No,Yes,405339.77
Marriage,Delhi,941,2024-07-08,No,No,118085.28
Meetup,Bangalore,4656,2024-11-29,Yes,Yes,370129.86
Birthday,Ahmedabad,2811,2025-08-02,Yes,Yes,202828.92
Birthday,Bangalore,854,2024-09-21,No,No,81693.59
Corporate,Hyderabad,1760,2025-01-23,No,Yes,168964.78
Corporate,Bangalore,766,2025-12-04,Yes,No,110726.65
Meetup,Pune,3125,2024-06-25,Yes,No,227975.85
Marriage,Hyderabad,4649,2025-02-18,Yes,No,369223.0
Marriage,Bhubaneswar,2480,2024-04-28,No,Yes,199556.65
Birthday,Bhubaneswar,3688,2024-09-13,Yes,No,240447.47
Corporate,Bangalore,1738,2024-01-31,Yes,No,179603.09
Birthday,Bangalore,1610,2024-07-19,No,Yes,147159.74
Meetup,Cuttack,1489,2024-03-03,No,Yes,103063.15
Marriage,Bangalore,631,2024-05-31,Yes,Yes,123792.73
Marriage,Pune,956,2025-06-16,No,No,112470.43
Meetup,Pune,2062,2025-06-22,No,No,144947.04
Meetup,Pune,2611,2024-05-04,Yes,Yes,207397.86
Marriage,Bhubaneswar,2421,2024-10-14,No,Yes,198035.07
Corporate,Ahmedabad,4516,2024-10-02,No,Yes,303186.51
Marriage,Kolkata,136,2025-08-05,No,No,60611.75
Meetup,Hyderabad,4259,2025-05-06,No,No,293659.33
Meetup,Bhubaneswar,2154,2025-02-22,No,No,135923.05
Marriage,Bhubaneswar,1799,2024-12-17,No,Yes,163083.78
Meetup,Pune,3217,2024-08-10,Yes,No,232873.17
Marriage,Cuttack,2601,2024-04-07,Yes,No,196253.9
Corporate,Pune,4780,2025-12-17,Yes,No,356222.36
Corporate,Pune,4437,2025-02-02,Yes,Yes,346128.99
Corporate,Ahmedabad,521,2025-08-09,Yes,No,85912.93
Marriage,Hyderabad,3503,2025-05-23,Yes,No,294637.15
Corporate,Hyderabad,4767,2025-10-27,No,Yes,364060.78
Meetup,Delhi,2803,2025-10-11,Yes,No,227431.03
Corporate,Delhi,4716,2024-03-04,Yes,No,387409.11
Meetup,Kolkata,4508,2024-08-13,No,No,287201.59
Meetup,Pune,186,2025-06-25,Yes,No,43160.9
Birthday,Chennai,645,2025-08-27,Yes,No,76390.73
Birthday,Kolkata,3638,2024-03-18,No,Yes,252017.14
Birthday,Mumbai,3990,2025-03-10,No,No,322045.69
Corporate,Delhi,2105,2025-08-03,Yes,No,204708.75
Birthday,Delhi,1794,2025-01-18,Yes,No,161598.86
Corporate,Mumbai,3346,2025-10-01,No,No,292954.6
Birthday,Bangalore,1285,2024-01-28,No,No,111667.63
Meetup,Mumbai,4225,2024-07-06,No,No,334276.89
Marriage,Cuttack,1237,2024-03-16,No,Yes,126105.99
Marriage,Bangalore,4430,2025-02-10,No,No,361612.44
Marriage,Delhi,3825,2025-06-14,No,Yes,332211.2
Corporate,Delhi,278,2025-05-08,Yes,Yes,88856.05
Birthday,Mumbai,1293,2024-09-19,Yes,Yes,145231.99
Birthday,Pune,1849,2024-08-03,No,Yes,148758.09
Corporate,Hyderabad,1522,2025-02-05,Yes,Yes,168631.49
Marriage,Hyderabad,2989,2024-06-20,Yes,Yes,273677.49
Birthday,Kolkata,2839,2024-07-11,Yes,No,207315.09
Birthday,Bangalore,4774,2024-04-14,Yes,Yes,382474.61
Corporate,Hyderabad,2049,2024-06-05,Yes,No,190577.61
Corporate,Delhi,1683,2024-03-12,No,No,160591.92
Corporate,Kolkata,4166,2025-02-10,Yes,Yes,318952.95
Corporate,Cuttack,1916,2024-07-16,Yes,Yes,165137.49
Birthday,Hyderabad,4060,2025-03-18,No,Yes,298450.68
Meetup,Mumbai,1661,2025-10-23,No,Yes,153462.26
Meetup,Hyderabad,284,2024-09-23,No,Yes,46660.56
Marriage,Bangalore,597,2025-12-02,No,No,93170.42
Meetup,Mumbai,860,2024-03-18,Yes,No,97236.33
Marriage,Chennai,4035,2025-03-10,No,No,294225.16
Meetup,Cuttack,4054,2025-08-25,Yes,No,234547.13
Meetup,Delhi,4555,2025-05-09,Yes,Yes,362610.07
Meetup,Mumbai,4639,2025-05-22,No,No,364454.16
Marriage,Chennai,2150,2024-09-13,No,Yes,193443.3
Meetup,Hyderabad,1680,2025-08-07,Yes,No,140410.74
Birthday,Bangalore,4610,2025-11-10,Yes,Yes,372657.18
Birthday,Bhubaneswar,997,2025-05-04,No,No,77175.7
Marriage,Delhi,2881,2024-08-12,No,Yes,265497.58
Marriage,Bhubaneswar,2774,2024-06-24,Yes,Yes,231181.44
Birthday,Cuttack,1538,2025-04-25,Yes,No,113120.25
Corporate,Hyderabad,4698,2025-05-28,No,No,346478.91
Birthday,Ahmedabad,3353,2025-05-17,Yes,No,222172.92
Marriage,Pune,1400,2024-12-20,No,Yes,151971.13
Birthday,Bhubaneswar,2273,2025-02-27,No,No,147387.38
Birthday,Cuttack,4558,2025-07-30,No,No,250356.39
Corporate,Kolkata,157,2024-10-04,No,No,51877.21
Marriage,Chennai,1737,2024-09-02,Yes,No,170734.55
Corporate,Delhi,1779,2024-02-10,Yes,Yes,193686.62
Marriage,Hyderabad,305,2025-09-01,Yes,Yes,99615.78
Marriage,Mumbai,3521,2025-01-02,Yes,No,331716.13
Corporate,Chennai,115,2024-05-24,Yes,Yes,75434.48
Marriage,Bhubaneswar,1397,2024-06-22,Yes,No,144549.62
Corporate,Bangalore,4631,2024-08-18,No,No,365252.42
Meetup,Cuttack,4824,2024-04-14,No,No,257924.25
Meetup,Bangalore,3976,2024-04-03,No,Yes,307507.3
Corporate,Bhubaneswar,1573,2025-12-15,No,Yes,140539.25
Birthday,Kolkata,2108,2024-12-04,Yes,No,163448.14
Marriage,Delhi,558,2024-04-04,Yes,No,105346.24
Birthday,Bangalore,3394,2025-04-26,No,No,259184.3
Meetup,Kolkata,1444,2025-02-01,Yes,Yes,129825.08
Birthday,Ahmedabad,3359,2025-11-16,No,Yes,219306.79
Marriage,Bangalore,482,2024-03-13,Yes,Yes,112397.4
Birthday,Bhubaneswar,3213,2024-07-28,Yes,No,214517.55
Marriage,Hyderabad,2703,2025-03-14,Yes,Yes,255048.04
Corporate,Cuttack,932,2024-04-20,No,Yes,100461.4
Meetup,Cuttack,2812,2024-09-03,No,No,157139.34
Corporate,Chennai,4591,2024-05-12,Yes,Yes,343949.51
Meetup,Bhubaneswar,4298,2024-04-22,No,No,253455.93
Marriage,Chennai,798,2024-02-25,No,No,99596.14
Birthday,Pune,3024,2025-08-29,No,Yes,223817.55
Corporate,Kolkata,816,2025-09-05,Yes,Yes,118279.51
Birthday,Ahmedabad,2990,2024-08-15,Yes,No,201079.42
Birthday,Chennai,3724,2025-06-22,No,No,246104.98
Birthday,Chennai,1767,2025-07-05,Yes,No,143494.78
Marriage,Pune,2652,2024-02-06,No,Yes,230417.28
Marriage,Ahmedabad,841,2024-08-05,No,Yes,109560.62
Corporate,Chennai,4026,2024-02-28,Yes,Yes,309948.43
Birthday,Chennai,3164,2025-03-03,No,Yes,223381.55
Marriage,Mumbai,563,2024-02-02,Yes,No,109349.03
Meetup,Ahmedabad,2298,2025-02-14,No,No,144184.36
Marriage,Hyderabad,1476,2025-12-08,No,No,147045.1
Marriage,Chennai,1303,2025-10-07,Yes,Yes,157083.82
Marriage,Kolkata,1438,2024-05-05,Yes,Yes,165191.82
Marriage,Mumbai,1641,2024-12-24,No,No,175082.12
Corporate,Chennai,982,2025-01-12,No,No,101898.07
Marriage,Ahmedabad,632,2024-09-26,No,Yes,98345.64
Birthday,Pune,3526,2025-05-10,Yes,No,257059.65
Meetup,Mumbai,2277,2024-02-29,No,Yes,198804.34
Birthday,Kolkata,3003,2024-03-01,Yes,No,216365.87
Meetup,Bangalore,4190,2025-04-21,Yes,Yes,336632.37
Birthday,Mumbai,4720,2024-07-20,No,No,375852.19
Marriage,Mumbai,4389,2025-05-07,Yes,Yes,408055.61
Marriage,Cuttack,2657,2025-04-12,Yes,Yes,211612.59
Birthday,Kolkata,2096,2025-04-23,No,No,148321.07
Marriage,Delhi,1837,2025-09-29,Yes,Yes,208039.1
Corporate,Mumbai,1713,2025-06-20,Yes,No,184572.93
Corporate,Pune,1416,2024-02-12,Yes,Yes,157943.11
Marriage,Bangalore,4820,2025-10-04,No,Yes,400735.23
Meetup,Pune,2809,2024-10-08,Yes,No,206932.49
Corporate,Hyderabad,292,2024-01-11,Yes,No,76135.76
Corporate,Cuttack,3032,2025-08-06,Yes,No,209416.91
Birthday,Bhubaneswar,482,2025-05-21,Yes,No,63666.7
Birthday,Hyderabad,2657,2025-07-27,Yes,No,210404.03
Birthday,Kolkata,527,2024-04-30,No,No,53851.91
Meetup,Hyderabad,2101,2025-05-27,No,Yes,165342.01
Marriage,Chennai,2471,2025-01-11,Yes,No,214998.3
Corporate,Ahmedabad,2594,2025-05-25,Yes,Yes,212472.67
Marriage,Pune,106,2024-02-10,No,No,59347.45
Meetup,Hyderabad,3161,2024-09-26,No,No,222105.72
Corporate,Ahmedabad,1631,2024-02-17,Yes,Yes,159145.67
Birthday,Chennai,2123,2024-09-21,Yes,No,164746.59
Corporate,Mumbai,258,2024-01-14,Yes,Yes,87373.81
Meetup,Hyderabad,1181,2024-11-05,No,No,93861.73
Birthday,Cuttack,3760,2025-02-11,No,No,209813.19
Corporate,Pune,2667,2025-05-17,Yes,Yes,235132.52
Marriage,Hyderabad,164,2024-12-26,No,Yes,75252.55
Marriage,Kolkata,4265,2024-04-19,No,Yes,319191.33
Birthday,Bangalore,3625,2024-10-31,Yes,Yes,303100.78
Corporate,Pune,835,2024-10-28,Yes,Yes,121973.0
Meetup,Kolkata,2881,2024-03-08,No,No,189868.31
Marriage,Mumbai,2778,2025-06-12,No,No,260918.5
Corporate,Mumbai,3677,2024-03-30,No,No,317737.35
Meetup,Chennai,2019,2024-10-03,No,Yes,150203.92
Corporate,Bangalore,4636,2025-03-25,No,Yes,378513.77
Corporate,Chennai,4248,2024-04-28,No,No,297561.75
Meetup,Bhubaneswar,1895,2025-08-25,Yes,No,135324.81
Meetup,Bangalore,2715,2025-01-23,No,Yes,219111.72
Birthday,Pune,4700,2024-01-08,Yes,Yes,342197.09
Meetup,Delhi,1316,2024-03-24,Yes,No,124350.9
Birthday,Chennai,4065,2024-05-03,Yes,No,281674.18
Meetup,Hyderabad,622,2024-12-21,Yes,Yes,84724.09
Marriage,Ahmedabad,1261,2025-07-17,No,Yes,134195.17
Birthday,Chennai,3090,2025-09-06,Yes,No,222221.04
Corporate,Hyderabad,2160,2025-02-06,No,No,182307.06
Meetup,Bhubaneswar,518,2024-09-05,No,No,44711.21
Marriage,Ahmedabad,1990,2025-05-17,No,No,161961.22
Corporate,Mumbai,1253,2025-12-24,No,Yes,148887.09
Meetup,Kolkata,2582,2024-05-19,Yes,No,187351.63
Meetup,Kolkata,3233,2024-11-18,No,No,210740.28
Marriage,Mumbai,935,2024-05-15,No,Yes,134524.87
Birthday,Ahmedabad,4124,2025-12-07,No,No,247828.16
Birthday,Delhi,2449,2025-12-05,No,No,193331.82
Birthday,Mumbai,4435,2025-03-04,Yes,No,370006.73
Meetup,Pune,4054,2025-02-25,No,Yes,282227.64
Marriage,Bhubaneswar,4360,2024-12-13,No,No,292326.63
Corporate,Chennai,3127,2025-09-17,No,No,230304.81
Birthday,Pune,372,2024-02-05,Yes,No,59765.41
Corporate,Kolkata,1306,2025-06-20,No,No,120133.77
Marriage,Mumbai,4423,2025-12-13,No,Yes,395204.53
Meetup,Pune,2221,2024-08-06,Yes,No,171301.62
Marriage,Delhi,2548,2025-06-12,No,Yes,241404.06
Marriage,Hyderabad,58,2024-08-17,Yes,Yes,83106.61
Marriage,Bangalore,164,2025-04-16,Yes,No,79182.21
Birthday,Bhubaneswar,4154,2024-06-12,Yes,No,264863.69
Meetup,Pune,4065,2024-08-08,Yes,Yes,298196.75
Meetup,Mumbai,2607,2025-01-10,Yes,No,227607.14
Corporate,Ahmedabad,374,2024-03-07,No,No,63553.79
Meetup,Chennai,4876,2025-01-11,Yes,Yes,337487.36
Meetup,Bhubaneswar,4709,2025-08-05,Yes,Yes,302604.08
Corporate,Ahmedabad,4273,2025-01-04,Yes,No,292652.76
Meetup,Bhubaneswar,2163,2025-05-24,No,No,135502.04
Corporate,Bangalore,2196,2025-04-07,Yes,Yes,223218.41
Marriage,Chennai,550,2024-11-10,Yes,No,100904.9
Corporate,Mumbai,3139,2025-01-05,No,No,277111.09
Birthday,Cuttack,4600,2024-06-05,Yes,No,266328.62
Marriage,Mumbai,4502,2024-05-12,Yes,No,405263.57
Marriage,Cuttack,2579,2024-06-27,Yes,Yes,207144.6
Birthday,Delhi,431,2025-06-16,Yes,Yes,78295.42
Meetup,Chennai,1018,2025-03-07,No,No,78006.59
Marriage,Kolkata,1942,2025-10-13,Yes,No,183798.99
Corporate,Chennai,2590,2024-06-28,Yes,Yes,223921.69
Birthday,Delhi,642,2025-05-16,No,Yes,78358.22
Meetup,Bangalore,1412,2024-12-27,No,Yes,127805.17
Corporate,Bhubaneswar,284,2024-06-08,No,Yes,70014.97
Meetup,Ahmedabad,3331,2024-09-23,Yes,Yes,226210.52
Birthday,Mumbai,3857,2025-08-18,Yes,No,325978.06
Marriage,Bhubaneswar,3553,2025-03-30,No,No,246547.92
Meetup,Cuttack,638,2025-03-13,Yes,Yes,76554.97
Meetup,Delhi,3147,2024-10-02,Yes,No,251580.36
Corporate,Pune,568,2024-03-04,No,No,77561.46
Birthday,Kolkata,1532,2025-01-23,Yes,No,129798.49
Marriage,Mumbai,1749,2025-04-18,Yes,Yes,209472.49
Meetup,Mumbai,2155,2025-10-14,Yes,Yes,205355.02
Meetup,Hyderabad,3141,2024-08-15,No,Yes,233225.02
Marriage,Pune,1731,2024-01-10,No,Yes,171213.74
Birthday,Mumbai,2808,2024-05-23,Yes,No,247619.36
Marriage,Bangalore,4181,2024-04-07,Yes,Yes,371146.85
Marriage,Chennai,83,2024-07-23,Yes,Yes,84062.77
Corporate,Kolkata,2695,2025-02-14,Yes,Yes,230658.31
Birthday,Delhi,53,2025-01-23,Yes,Yes,52429.17
Meetup,Ahmedabad,4128,2024-04-12,No,Yes,255499.65
Marriage,Bhubaneswar,4943,2025-05-25,Yes,No,339473.92
Marriage,Chennai,1078,2025-04-13,Yes,Yes,144213.88
Marriage,Bangalore,1207,2025-01-23,No,No,137485.35
Corporate,Bangalore,279,2024-09-20,No,No,60897.55
Birthday,Chennai,1757,2024-08-16,No,No,128052.1
Birthday,Mumbai,3448,2025-08-20,No,No,280625.62
Corporate,Mumbai,2532,2024-07-17,No,No,232264.06
Corporate,Mumbai,3912,2024-03-31,Yes,No,349733.55
Corporate,Ahmedabad,214,2025-11-22,Yes,Yes,80983.46
Meetup,Kolkata,3033,2025-09-18,No,No,198105.44
Corporate,Mumbai,1652,2025-04-06,Yes,Yes,193377.89
Birthday,Ahmedabad,4196,2024-03-19,Yes,No,267233.23
Meetup,Bhubaneswar,2414,2024-07-27,No,No,150038.91
Meetup,Ahmedabad,4244,2025-09-04,Yes,Yes,278178.22
Birthday,Hyderabad,2655,2024-10-22,Yes,Yes,222162.86
Birthday,Mumbai,2907,2025-01-02,No,No,239165.42
Meetup,Pune,3237,2024-07-02,Yes,Yes,247133.19
Marriage,Kolkata,1333,2024-01-30,No,No,132937.21
Birthday,Cuttack,2846,2024-08-25,Yes,Yes,190341.47
Meetup,Mumbai,2442,2024-06-14,No,Yes,212518.07
Meetup,Cuttack,2792,2024-12-26,No,No,155855.54
Corporate,Mumbai,4601,2025-09-24,No,No,387819.81
Corporate,Bangalore,2104,2024-01-14,No,Yes,202213.99
Marriage,Chennai,1768,2024-03-31,No,Yes,169689.08
Marriage,Kolkata,2427,2025-10-03,Yes,No,211937.65
Corporate,Bangalore,281,2024-07-21,Yes,No,76195.71
Marriage,Bhubaneswar,594,2024-07-01,No,Yes,96501.32
Meetup,Mumbai,1026,2025-09-06,No,Yes,105132.35
Meetup,Ahmedabad,964,2024-10-02,Yes,Yes,96049.45
Corporate,Bhubaneswar,528,2024-06-06,No,Yes,82356.39
Meetup,Chennai,2855,2024-03-05,No,Yes,200081.13
Birthday,Mumbai,891,2025-12-08,Yes,Yes,116062.02
Meetup,Pune,1069,2025-01-03,No,No,83740.19
Birthday,Pune,1027,2025-03-25,Yes,No,100847.67
Meetup,Cuttack,156,2024-12-05,Yes,Yes,52780.35
Marriage,Pune,2319,2025-10-05,No,No,197689.67
Meetup,Mumbai,2802,2025-11-10,No,No,226351.8
Corporate,Ahmedabad,1754,2024-07-31,No,Yes,151102.49
Corporate,Bangalore,1878,2025-03-14,No,No,173376.34
Corporate,Bangalore,3821,2025-09-03,No,No,310157.78
Meetup,Bhubaneswar,2525,2025-06-10,Yes,Yes,183836.14
Corporate,Kolkata,4147,2024-06-21,Yes,No,304933.31
Marriage,Bangalore,1185,2024-03-26,No,No,134773.84
Corporate,Bhubaneswar,3788,2025-12-11,Yes,No,265834.48
Marriage,Hyderabad,3588,2024-01-17,Yes,No,299340.76
Birthday,Delhi,1017,2024-08-28,No,Yes,104935.93
Marriage,Kolkata,3259,2025-03-23,No,Yes,259490.26
Birthday,Delhi,523,2025-06-10,Yes,Yes,85117.01
Meetup,Ahmedabad,1168,2024-09-06,No,Yes,93927.87
Meetup,Bhubaneswar,2862,2024-11-16,No,No,173808.28
Meetup,Ahmedabad,4727,2025-03-17,Yes,Yes,303685.46
Birthday,Pune,3784,2025-06-20,No,No,258617.6
Corporate,Bhubaneswar,2517,2025-06-19,Yes,Yes,207998.51
Meetup,Cuttack,1161,2024-12-06,Yes,Yes,101398.78
Meetup,Pune,2424,2024-02-21,Yes,Yes,195258.29
Marriage,Mumbai,3150,2025-06-26,Yes,No,303809.32
Corporate,Chennai,3166,2025-08-05,Yes,No,247538.33
Birthday,Chennai,4235,2024-08-19,Yes,Yes,302680.76
Marriage,Kolkata,4084,2024-09-01,Yes,No,312747.72
Marriage,Cuttack,4150,2024-05-25,No,Yes,271446.27
Corporate,Mumbai,3158,2024-10-10,Yes,No,294101.93
Meetup,Bhubaneswar,2459,2024-10-25,Yes,No,168141.49
Meetup,Mumbai,4966,2024-09-25,Yes,No,404466.99
Birthday,Kolkata,179,2025-09-03,Yes,No,47816.47
Corporate,Hyderabad,434,2025-01-07,No,Yes,81986.84
Marriage,Pune,3426,2025-06-17,Yes,Yes,294124.27
Birthday,Cuttack,2550,2024-02-23,Yes,No,164223.21
Marriage,Chennai,1394,2025-03-31,Yes,Yes,163494.59
Marriage,Delhi,3251,2024-09-14,No,No,280172.53
Marriage,Cuttack,1841,2025-11-10,Yes,No,158436.42
Birthday,Pune,3084,2024-06-26,No,No,215616.08
Meetup,Kolkata,3372,2024-01-06,No,Yes,231120.79
Marriage,Bhubaneswar,3508,2024-11-22,Yes,Yes,271745.11
Corporate,Hyderabad,2292,2025-11-04,No,Yes,203624.28
Marriage,Hyderabad,2632,2024-12-16,No,Yes,234356.01
Marriage,Hyderabad,4521,2025-09-30,No,No,346779.89
Meetup,Bangalore,3297,2024-08-29,No,No,247656.58
Meetup,Chennai,2902,2024-08-13,No,Yes,203637.68
Meetup,Delhi,2127,2024-02-11,Yes,Yes,193568.63
Birthday,Delhi,1049,2025-04-04,Yes,No,110878.02
Meetup,Mumbai,4877,2024-09-24,No,Yes,395579.21
Meetup,Hyderabad,3231,2025-05-10,Yes,No,241501.23
Birthday,Bhubaneswar,3296,2025-05-04,Yes,Yes,230088.99
Birthday,Hyderabad,2811,2024-06-15,Yes,Yes,231539.59
Meetup,Cuttack,891,2025-02-04,Yes,No,76433.86
Meetup,Delhi,2036,2025-09-26,Yes,Yes,185868.07
Birthday,Bhubaneswar,1587,2024-08-07,Yes,No,124196.74
Corporate,Ahmedabad,1708,2024-06-14,No,No,136174.6
Birthday,Bangalore,1658,2025-12-28,No,No,137773.3
Corporate,Bangalore,3826,2025-10-23,No,No,309691.76
Marriage,Ahmedabad,4193,2024-04-09,No,No,282003.62
Meetup,Pune,169,2025-06-05,Yes,Yes,55081.24
Corporate,Bangalore,1371,2025-02-23,No,Yes,149814.93
Corporate,Pune,4169,2024-07-24,No,Yes,313762.15
Corporate,Hyderabad,3136,2024-02-24,No,Yes,258659.65
Marriage,Pune,3396,2024-03-19,Yes,No,280191.2
Corporate,Chennai,585,2024-06-28,Yes,Yes,103192.08
Corporate,Bhubaneswar,1709,2024-06-06,No,Yes,147563.54
Meetup,Delhi,2728,2024-05-11,Yes,No,223890.44
Corporate,Pune,4591,2024-08-17,No,Yes,340553.58
Corporate,Ahmedabad,4868,2025-08-10,Yes,Yes,336266.57
Corporate,Chennai,4405,2024-01-02,No,Yes,317884.13
Marriage,Chennai,4054,2025-08-21,Yes,Yes,321406.39
Meetup,Ahmedabad,3185,2025-12-03,No,No,191809.39
Birthday,Mumbai,4043,2024-10-05,No,Yes,336947.36
Corporate,Cuttack,420,2024-03-05,No,Yes,74092.62
Marriage,Chennai,4509,2024-10-21,No,No,323376.94
Meetup,Chennai,1105,2025-04-20,No,No,83658.14
Meetup,Bhubaneswar,3955,2025-09-15,Yes,Yes,262032.78
Corporate,Pune,1851,2025-01-04,Yes,No,173093.38
Marriage,Pune,426,2024-12-09,Yes,No,93666.27
Meetup,Hyderabad,4361,2024-12-16,No,No,300850.87
Birthday,Kolkata,3117,2025-12-07,Yes,No,223112.06
Birthday,Mumbai,1722,2025-03-05,No,No,151476.66
Corporate,Delhi,1693,2025-02-22,Yes,No,176271.84
Corporate,Mumbai,134,2024-03-05,No,Yes,63388.2
Corporate,Mumbai,3517,2024-09-18,No,No,306761.18
Marriage,Ahmedabad,191,2025-01-18,No,No,61914.19
Meetup,Hyderabad,2543,2024-02-20,No,Yes,194324.1
Marriage,Bangalore,3621,2025-09-09,Yes,No,320364.34
Marriage,Kolkata,4574,2024-08-18,No,Yes,338446.22
Marriage,Pune,2429,2024-10-29,No,Yes,215912.13
Meetup,Chennai,2182,2024-05-19,No,Yes,160089.91
Birthday,Bangalore,1975,2024-01-03,Yes,No,175232.22
Marriage,Ahmedabad,846,2024-03-31,No,Yes,109851.67
Meetup,Cuttack,4799,2024-06-15,No,Yes,268883.55
Meetup,Kolkata,4764,2024-01-15,No,No,302186.77
Corporate,Hyderabad,934,2025-10-19,No,Yes,114320.33
Birthday,Cuttack,3110,2025-01-25,No,Yes,189918.32
Marriage,Bhubaneswar,4301,2024-05-31,Yes,Yes,315376.9
Marriage,Pune,4004,2024-10-28,No,No,301374.15
Meetup,Hyderabad,3115,2024-01-14,No,Yes,232335.72
Birthday,Cuttack,539,2024-05-21,No,Yes,60698.24
Marriage,Delhi,940,2025-12-15,No,Yes,130553.89
Corporate,Cuttack,4279,2025-02-24,No,No,256533.97
Marriage,Mumbai,478,2025-10-08,Yes,Yes,115666.58
Birthday,Bhubaneswar,3924,2025-07-25,Yes,No,252413.58
Corporate,Hyderabad,3778,2025-07-03,No,No,288396.88
Marriage,Pune,2628,2024-01-12,Yes,Yes,244018.41
Birthday,Bangalore,4764,2025-12-13,No,No,355553.77
Meetup,Hyderabad,4199,2025-12-09,Yes,No,305294.61
Meetup,Hyderabad,2882,2025-10-19,No,No,203741.26
Meetup,Delhi,4692,2024-02-05,No,No,345667.87
Corporate,Bangalore,4314,2024-09-03,No,Yes,355313.05
Corporate,Kolkata,176,2025-01-14,No,Yes,64792.24
Meetup,Mumbai,445,2024-03-27,Yes,No,65282.5
Marriage,Cuttack,650,2024-02-17,No,No,84393.86
Marriage,Pune,79,2024-09-28,No,Yes,69468.98
Marriage,Bhubaneswar,4584,2024-05-16,No,No,305020.12
Corporate,Cuttack,2063,2024-12-01,Yes,Yes,171874.99
Marriage,Cuttack,2170,2024-10-23,Yes,Yes,187404.5
Birthday,Kolkata,2146,2025-07-06,Yes,Yes,177298.85
Meetup,Hyderabad,3113,2024-03-19,No,Yes,230875.2
Marriage,Ahmedabad,267,2025-12-07,Yes,No,82649.96
Marriage,Bangalore,1578,2024-02-16,Yes,No,177329.66
Marriage,Bangalore,135,2024-03-19,No,Yes,72951.9
Corporate,Cuttack,1330,2025-01-24,No,No,107964.97
Corporate,Pune,975,2025-07-08,Yes,Yes,130720.94
Marriage,Chennai,1489,2025-08-29,No,No,141201.81
Birthday,Bangalore,4621,2025-09-02,No,No,345584.87
Marriage,Kolkata,1790,2024-11-22,No,No,159724.42
Meetup,Bhubaneswar,1424,2025-05-18,No,Yes,107144.59
Meetup,Hyderabad,913,2024-11-21,Yes,No,90992.9
Corporate,Chennai,2104,2025-08-02,No,No,167541.65
Birthday,Kolkata,4060,2025-08-22,No,No,265083.24
Meetup,Kolkata,3331,2024-01-08,No,No,217225.39
Corporate,Hyderabad,4821,2025-07-29,No,No,355102.07
Corporate,Bangalore,2830,2024-05-08,No,No,240360.0
Corporate,Kolkata,2531,2024-03-07,Yes,No,209070.1
Marriage,Mumbai,3309,2024-03-19,Yes,Yes,326499.9
Corporate,Pune,2008,2025-04-16,Yes,Yes,195151.83
Meetup,Hyderabad,3602,2024-10-17,Yes,No,266511.9
Corporate,Bhubaneswar,517,2025-08-30,No,No,70609.38
Birthday,Ahmedabad,3949,2025-01-31,No,Yes,251227.96
Birthday,Bhubaneswar,1848,2025-07-19,No,No,124179.6
Meetup,Kolkata,87,2024-04-08,Yes,Yes,48700.97
Meetup,Bangalore,3569,2024-09-17,No,Yes,278623.41
Meetup,Mumbai,3480,2024-08-19,Yes,Yes,305194.75
Corporate,Mumbai,1236,2024-02-05,Yes,Yes,162395.13
Meetup,Hyderabad,4958,2024-02-02,Yes,No,353512.39
Birthday,Bangalore,4781,2024-12-27,Yes,Yes,382715.4
Birthday,Chennai,4506,2024-05-17,Yes,No,306586.58
Birthday,Hyderabad,1395,2024-12-15,No,Yes,125278.61
Birthday,Chennai,1919,2024-09-23,No,Yes,148214.67
Birthday,Hyderabad,3282,2024-06-20,Yes,No,251142.92
Birthday,Chennai,961,2025-09-04,Yes,No,93742.08
Birthday,Kolkata,533,2025-07-16,No,No,53686.08
Birthday,Bangalore,4620,2025-02-24,Yes,No,361386.99
Marriage,Cuttack,4089,2024-03-07,No,No,255669.58
Birthday,Bhubaneswar,4329,2025-08-10,No,Yes,272547.59
Corporate,Pune,369,2024-05-26,Yes,No,80587.29
Corporate,Pune,985,2024-02-08,Yes,Yes,130374.01
Meetup,Hyderabad,2985,2025-03-04,Yes,No,225942.46
Marriage,Bhubaneswar,4859,2024-05-25,Yes,No,334520.8
Corporate,Delhi,2124,2025-03-20,Yes,No,205953.62
Marriage,Delhi,3416,2025-07-29,No,No,291505.11
Corporate,Cuttack,1055,2025-04-12,No,No,94569.02
Meetup,Bangalore,2204,2024-04-17,Yes,No,186682.33
Corporate,Bhubaneswar,733,2025-09-21,Yes,No,98113.61
Corporate,Delhi,1041,2025-12-07,No,Yes,126173.47
Marriage,Bangalore,1406,2025-01-30,Yes,Yes,177683.35
Birthday,Delhi,3572,2025-09-14,No,Yes,283722.23
Corporate,Kolkata,1764,2025-05-26,No,Yes,160606.48
Corporate,Hyderabad,3061,2025-10-07,No,Yes,252958.83
Birthday,Pune,3050,2024-12-12,Yes,Yes,238915.96
Birthday,Bhubaneswar,54,2025-05-01,No,No,24322.03
Meetup,Bangalore,1844,2025-08-31,No,Yes,157084.77
Corporate,Mumbai,4980,2025-05-23,No,Yes,427166.99
Birthday,Pune,4240,2024-09-30,Yes,No,301991.76
Marriage,Pune,825,2024-11-23,Yes,No,117833.95
Marriage,Mumbai,3166,2024-08-09,Yes,Yes,316579.45
Corporate,Pune,4097,2025-09-26,No,No,297421.41
Corporate,Bangalore,4713,2025-12-03,Yes,Yes,398533.06
Corporate,Mumbai,1319,2024-08-16,No,No,141644.48
Marriage,Delhi,1761,2025-07-31,No,Yes,187616.52
Corporate,Ahmedabad,128,2025-05-09,No,Yes,60299.14
Meetup,Kolkata,3729,2025-04-02,No,No,241363.92
Birthday,Pune,4348,2024-05-12,No,Yes,306169.38
Marriage,Hyderabad,838,2024-12-26,No,No,106878.66
Marriage,Ahmedabad,2936,2024-08-23,No,Yes,225172.78
Marriage,Hyderabad,1587,2024-08-06,Yes,Yes,182505.12
Marriage,Cuttack,2326,2025-07-09,No,No,167544.79
Birthday,Chennai,943,2025-02-15,No,Yes,90115.32
Corporate,Hyderabad,3171,2025-07-28,Yes,No,263729.78
Birthday,Bangalore,837,2024-07-10,Yes,No,95216.13
Birthday,Chennai,2567,2024-10-18,Yes,Yes,203332.79
Corporate,Mumbai,1520,2025-07-22,Yes,Yes,182574.32
Meetup,Mumbai,3749,2025-06-20,No,No,297710.29
Corporate,Ahmedabad,1350,2024-10-14,Yes,No,131702.3
Birthday,Chennai,224,2025-12-17,No,No,35976.11
Corporate,Delhi,214,2024-08-13,Yes,No,71924.78
Corporate,Delhi,1972,2024-10-28,No,No,179538.59
Birthday,Ahmedabad,992,2024-10-02,Yes,No,91359.05
Corporate,Hyderabad,2587,2025-06-29,Yes,Yes,236235.29
Corporate,Hyderabad,4852,2024-02-15,No,No,357689.32
Meetup,Cuttack,1952,2025-08-09,Yes,Yes,141510.04
Corporate,Kolkata,3206,2025-01-25,Yes,No,249487.9
Corporate,Cuttack,100,2024-05-03,Yes,Yes,73346.2
Marriage,Bangalore,2256,2024-09-23,No,Yes,221929.01
Birthday,Mumbai,3752,2025-04-25,No,Yes,315911.26
Meetup,Mumbai,3700,2024-08-09,No,No,295255.61
Corporate,Ahmedabad,1690,2025-03-31,No,Yes,146629.02
Birthday,Chennai,4143,2025-02-19,Yes,No,285230.26
Meetup,Delhi,163,2024-08-22,Yes,Yes,56107.34
Birthday,Kolkata,2131,2025-10-29,No,Yes,162841.3
Marriage,Delhi,2067,2025-08-22,Yes,Yes,222974.84
Marriage,Ahmedabad,2254,2024-02-18,Yes,Yes,203547.99
Marriage,Kolkata,3449,2025-11-22,Yes,Yes,285214.3
Meetup,Cuttack,159,2024-03-17,No,Yes,36355.68
Meetup,Pune,4190,2025-01-31,No,No,278478.81
Marriage,Pune,877,2024-04-23,Yes,No,121907.35
Marriage,Bangalore,1205,2025-07-06,No,No,136329.52
Corporate,Kolkata,3855,2025-10-24,No,No,272455.78
Meetup,Chennai,882,2025-08-08,No,Yes,81622.76
Corporate,Kolkata,2513,2025-08-21,Yes,No,206992.01
Corporate,Bhubaneswar,2612,2024-02-11,Yes,Yes,213141.64
Marriage,Chennai,3776,2024-06-05,No,Yes,290141.53
Birthday,Pune,3182,2025-10-23,Yes,Yes,248076.21
Meetup,Bangalore,370,2025-11-16,Yes,No,58702.6
Corporate,Hyderabad,1666,2025-01-26,No,No,151203.24
Birthday,Mumbai,2080,2025-12-01,Yes,Yes,204062.99
Meetup,Hyderabad,2303,2025-04-01,No,No,167398.56
Corporate,Ahmedabad,483,2024-12-10,No,No,69276.72
Corporate,Hyderabad,4988,2024-08-11,Yes,No,381761.98
Birthday,Delhi,2962,2025-03-13,Yes,Yes,256342.75
Birthday,Pune,4403,2025-04-26,Yes,No,312353.35
Marriage,Pune,1458,2024-08-24,No,Yes,155397.8
Corporate,Bangalore,1019,2025-01-08,No,Yes,126135.67
Marriage,Hyderabad,1454,2024-12-27,No,No,146505.54
Birthday,Delhi,4552,2025-01-18,No,Yes,353061.14
Marriage,Cuttack,4451,2025-07-18,No,Yes,287450.12
Meetup,Cuttack,3282,2025-08-07,No,Yes,192179.5
Marriage,Pune,1861,2025-12-22,Yes,No,183977.54
Meetup,Hyderabad,4008,2024-01-26,No,Yes,289097.09
Marriage,Mumbai,4987,2024-04-23,Yes,Yes,453931.37
Meetup,Pune,4196,2024-05-20,No,Yes,291336.27
Marriage,Bangalore,3703,2025-12-04,Yes,Yes,338906.08
Meetup,Mumbai,1589,2025-04-14,No,No,135278.93
Corporate,Delhi,4977,2024-01-04,No,Yes,401608.57
Corporate,Delhi,4146,2024-07-25,Yes,No,347336.62
Marriage,Hyderabad,4378,2025-09-12,No,Yes,348366.57
Meetup,Pune,4101,2024-03-31,No,Yes,285078.3
Birthday,Bangalore,4016,2025-07-13,Yes,Yes,330344.42
Corporate,Ahmedabad,2851,2024-02-11,No,Yes,210283.66
Meetup,Ahmedabad,1512,2024-10-17,Yes,Yes,128024.61
Corporate,Bhubaneswar,2652,2025-10-03,Yes,Yes,214606.86
Corporate,Hyderabad,3481,2025-08-06,No,No,267428.0
Birthday,Kolkata,3289,2024-03-02,Yes,Yes,246702.63
Marriage,Kolkata,4258,2025-09-28,Yes,No,322124.19
Corporate,Cuttack,3372,2024-01-04,Yes,Yes,237171.46
Corporate,Kolkata,2623,2024-01-18,No,Yes,211617.55
Meetup,Ahmedabad,3989,2025-01-25,Yes,No,250771.53
Corporate,Hyderabad,4543,2024-04-22,Yes,Yes,364008.63
Birthday,Mumbai,1999,2024-11-16,Yes,No,185979.57
Corporate,Pune,2816,2024-01-02,No,Yes,230436.79
Marriage,Pune,3679,2024-12-05,Yes,No,297360.37
Birthday,Ahmedabad,2806,2024-01-02,No,Yes,188176.61
Birthday,Bhubaneswar,229,2025-12-19,Yes,Yes,61107.14
Birthday,Mumbai,1915,2024-10-06,Yes,No,179869.28
Birthday,Chennai,282,2025-04-13,No,Yes,50020.69
Birthday,Chennai,1277,2024-11-27,No,No,98529.82
Meetup,Hyderabad,2145,2025-03-04,Yes,Yes,182526.34
Marriage,Ahmedabad,169,2024-01-22,No,Yes,73863.25
Meetup,Delhi,778,2025-07-02,No,No,70951.55
Birthday,Mumbai,3272,2024-11-04,Yes,Yes,294356.0
Meetup,Ahmedabad,4164,2025-12-24,No,No,246273.56
Meetup,Hyderabad,4803,2024-05-09,No,No,329102.2
Marriage,Kolkata,1705,2024-12-05,No,Yes,166822.53
Meetup,Mumbai,2601,2024-05-20,Yes,No,227264.46
Corporate,Bangalore,4268,2025-09-30,Yes,No,356388.13
Meetup,Delhi,918,2024-04-08,No,Yes,92761.72
Marriage,Bhubaneswar,525,2024-04-12,Yes,No,95696.0
Corporate,Mumbai,2521,2025-06-06,No,Yes,244004.15
Corporate,Pune,3402,2024-07-14,Yes,No,269633.33
Meetup,Hyderabad,2075,2024-04-18,No,Yes,164251.18
Corporate,Mumbai,4014,2025-01-01,No,No,343812.96
Marriage,Kolkata,352,2025-01-01,Yes,Yes,100512.83
Meetup,Mumbai,3992,2024-03-22,Yes,No,331625.08
Meetup,Bangalore,4984,2025-03-14,No,No,366783.51
Marriage,Chennai,861,2025-07-18,No,Yes,115171.45
Birthday,Chennai,1130,2025-06-17,Yes,No,104877.67
Birthday,Bhubaneswar,912,2024-01-08,No,Yes,84117.68
Birthday,Chennai,4458,2025-06-16,No,No,289807.58
Corporate,Kolkata,394,2024-09-26,Yes,Yes,92953.45
Birthday,Pune,4196,2025-08-08,No,No,284901.57
Marriage,Kolkata,3052,2024-01-06,No,Yes,246874.62
Corporate,Chennai,4217,2025-11-25,Yes,Yes,321375.71
Birthday,Bangalore,4399,2024-12-15,Yes,Yes,357546.33
Marriage,Pune,4939,2024-12-22,Yes,Yes,387202.17
Meetup,Chennai,3301,2025-01-04,Yes,No,231045.49
Corporate,Chennai,4291,2025-10-11,Yes,Yes,326542.22
Birthday,Delhi,4810,2024-07-18,No,No,359679.58
Meetup,Bangalore,330,2024-06-16,No,No,39233.33
Meetup,Mumbai,570,2024-04-28,Yes,Yes,86751.02
Birthday,Mumbai,1159,2025-09-16,No,Yes,120953.98
Corporate,Chennai,2971,2024-12-27,Yes,No,236002.3
Birthday,Cuttack,3839,2025-09-20,No,No,214563.83
Corporate,Bhubaneswar,4514,2025-09-13,No,No,289927.19
Meetup,Delhi,4443,2024-12-30,No,No,328853.54
Corporate,Bhubaneswar,3524,2025-03-23,No,Yes,247142.17
Meetup,Bangalore,262,2025-04-11,No,Yes,47662.01
Corporate,Bhubaneswar,2541,2024-08-07,No,No,182640.67
Marriage,Cuttack,1400,2025-07-10,Yes,No,137086.64
Meetup,Bangalore,4227,2024-11-28,No,No,313531.18
Meetup,Mumbai,942,2024-11-19,Yes,No,103608.64
Birthday,Bhubaneswar,369,2025-12-28,Yes,No,56389.61
Birthday,Pune,4444,2025-11-28,Yes,No,315499.8
Marriage,Bangalore,3186,2025-08-04,Yes,Yes,301990.23
Birthday,Mumbai,3698,2024-11-27,Yes,No,314181.91
Marriage,Bangalore,161,2024-04-15,No,No,62854.63
Meetup,Mumbai,3740,2025-09-07,No,Yes,310315.48
Birthday,Bangalore,4235,2025-06-04,No,No,317882.43
Marriage,Pune,3368,2024-05-26,Yes,Yes,289634.33
Birthday,Cuttack,3927,2025-12-27,Yes,Yes,246227.16
Corporate,Ahmedabad,4887,2024-12-11,No,No,310152.58
Meetup,Kolkata,2357,2025-01-28,No,Yes,170750.53
Birthday,Bangalore,4045,2025-04-08,Yes,Yes,331583.81
Meetup,Chennai,456,2024-09-12,No,Yes,56980.37
Corporate,Cuttack,242,2024-04-14,No,No,53211.35
Birthday,Hyderabad,4588,2025-05-08,Yes,No,334618.53
Meetup,Bangalore,4178,2025-03-17,Yes,Yes,335992.32
Meetup,Pune,4944,2024-04-16,No,Yes,337897.59
Birthday,Pune,4693,2024-12-30,Yes,Yes,341419.76
Birthday,Pune,4060,2024-09-08,Yes,Yes,303452.49
Corporate,Bhubaneswar,3131,2025-12-31,Yes,No,229760.0
Birthday,Bangalore,2143,2025-04-29,Yes,No,186436.54
Marriage,Bhubaneswar,983,2025-09-25,Yes,Yes,132135.36
Meetup,Hyderabad,4840,2024-09-13,Yes,No,345630.49
Corporate,Pune,466,2024-06-19,Yes,No,85346.36
Birthday,Mumbai,2530,2025-10-18,No,Yes,223013.46
Corporate,Bhubaneswar,967,2025-01-19,Yes,Yes,121722.19
Marriage,Bangalore,4590,2025-07-13,No,No,373787.82
Birthday,Mumbai,275,2024-07-01,No,Yes,53809.37
Birthday,Cuttack,1523,2024-11-22,No,Yes,109601.36
Corporate,Bhubaneswar,4459,2025-02-12,No,Yes,298530.09
Corporate,Ahmedabad,1271,2024-06-03,No,No,111343.38
Meetup,Delhi,2550,2025-08-10,Yes,Yes,222147.23
Meetup,Bangalore,2458,2025-08-26,No,No,189693.28
Corporate,Hyderabad,902,2025-09-02,Yes,Yes,127388.73
Marriage,Pune,2788,2025-11-09,Yes,Yes,253714.9
Meetup,Cuttack,3761,2024-12-06,No,No,205655.07
Marriage,Chennai,430,2024-09-23,Yes,Yes,104687.35
Birthday,Mumbai,2475,2025-12-07,No,Yes,219517.88
Corporate,Bangalore,2911,2024-06-27,No,Yes,257199.37
Marriage,Mumbai,2168,2024-12-17,Yes,Yes,242550.73
Meetup,Kolkata,4712,2025-11-24,No,No,300619.83
Birthday,Hyderabad,129,2025-04-04,No,Yes,41982.16
Meetup,Ahmedabad,2510,2024-06-04,No,No,154224.52
Birthday,Mumbai,4410,2024-12-15,No,Yes,364978.1
Meetup,Ahmedabad,1895,2024-03-04,Yes,No,135237.43
Marriage,Bangalore,3426,2025-11-14,Yes,No,306045.4
Corporate,Kolkata,2035,2025-10-18,Yes,No,179809.22
Corporate,Chennai,2430,2024-08-06,Yes,Yes,215179.67
Marriage,Bhubaneswar,1452,2025-08-09,Yes,No,147551.73
Marriage,Mumbai,4577,2025-05-26,Yes,No,410849.25
Birthday,Hyderabad,2563,2025-10-08,No,Yes,200384.63
Marriage,Cuttack,966,2024-07-18,Yes,No,115369.98
Meetup,Ahmedabad,4858,2025-02-08,Yes,Yes,311709.41
Birthday,Mumbai,914,2024-02-27,No,No,91237.23
Meetup,Hyderabad,296,2024-10-31,Yes,Yes,62531.97
Marriage,Bhubaneswar,1005,2024-01-09,Yes,Yes,133614.8
Meetup,Hyderabad,2344,2024-02-18,Yes,No,185351.04
Birthday,Bangalore,4302,2025-11-08,No,Yes,334818.5
Birthday,Kolkata,4988,2024-10-05,No,No,322052.67
Marriage,Pune,3688,2025-12-31,Yes,No,298059.16
Birthday,Bhubaneswar,1942,2025-04-24,No,No,127810.72
Corporate,Bhubaneswar,859,2024-11-21,No,No,89857.42
Marriage,Bangalore,1167,2025-01-17,No,No,133002.51
Marriage,Bhubaneswar,4476,2024-10-30,Yes,Yes,324816.37
Corporate,Ahmedabad,2815,2025-01-28,Yes,No,212236.14
Marriage,Hyderabad,4520,2024-01-28,No,Yes,357449.52
Meetup,Mumbai,4424,2024-03-01,No,No,349374.79
Marriage,Ahmedabad,1142,2024-01-19,No,Yes,125953.64
Meetup,Chennai,1247,2024-01-02,No,Yes,103609.48
Meetup,Delhi,1130,2025-11-21,No,No,96236.86
Marriage,Bangalore,487,2025-12-14,Yes,No,101993.25
Corporate,Ahmedabad,2034,2024-10-25,No,Yes,166101.97
Meetup,Mumbai,3965,2024-10-14,Yes,No,329328.37
Marriage,Chennai,4440,2025-06-28,Yes,No,333955.1
Meetup,Kolkata,676,2025-09-05,Yes,Yes,84355.48
Meetup,Pune,756,2025-02-21,No,Yes,75403.73
Meetup,Kolkata,4677,2025-07-30,Yes,No,312370.72
Marriage,Mumbai,2330,2024-12-27,No,Yes,239231.65
Marriage,Cuttack,4020,2024-12-25,Yes,Yes,280369.89
Meetup,Chennai,1425,2025-08-25,No,No,102823.21
Marriage,Bangalore,769,2024-03-25,Yes,Yes,133683.64
Meetup,Delhi,661,2024-03-24,Yes,No,77595.67
Marriage,Delhi,4668,2025-05-25,No,Yes,390642.16
Marriage,Bhubaneswar,1212,2024-10-15,No,Yes,130865.34
Corporate,Mumbai,553,2024-11-09,No,No,83193.18
Marriage,Ahmedabad,1516,2025-03-25,Yes,Yes,161939.61
Birthday,Chennai,3518,2025-01-31,No,Yes,244708.15
Meetup,Pune,2499,2024-09-25,No,No,174067.21
Marriage,Chennai,855,2024-07-28,Yes,Yes,130325.07
Birthday,Pune,111,2025-02-22,Yes,Yes,55162.43
Corporate,Hyderabad,2373,2025-06-26,Yes,No,210773.55
Marriage,Cuttack,1500,2025-01-24,Yes,Yes,154578.35
Birthday,Cuttack,1308,2025-01-14,No,Yes,100035.26
Marriage,Delhi,2706,2024-01-27,Yes,Yes,267796.94
Corporate,Kolkata,4751,2025-06-19,Yes,No,341736.93
Meetup,Pune,4600,2024-01-01,No,Yes,317387.16
Marriage,Delhi,1608,2025-10-13,No,Yes,176948.39
Marriage,Delhi,4176,2024-10-29,No,No,343952.27
Corporate,Hyderabad,4956,2025-08-03,Yes,No,378169.97
Birthday,Ahmedabad,4691,2025-03-23,No,Yes,292659.57
Corporate,Pune,1032,2024-09-09,Yes,Yes,134413.53
Corporate,Ahmedabad,747,2024-08-12,No,No,83676.95
Corporate,Hyderabad,4715,2025-07-01,Yes,No,363877.61
Meetup,Hyderabad,3422,2024-01-30,No,No,238608.6
Meetup,Kolkata,1378,2024-10-27,No,Yes,111343.56
Corporate,Cuttack,1189,2025-02-20,No,No,101353.86
Meetup,Mumbai,1400,2024-01-24,Yes,No,137626.94
Meetup,Bhubaneswar,4309,2025-04-13,Yes,No,269023.24
Corporate,Cuttack,2420,2025-02-08,Yes,No,177279.36
Marriage,Bangalore,880,2024-09-01,No,No,113368.61
Meetup,Ahmedabad,205,2024-02-17,No,Yes,39948.67
Corporate,Delhi,550,2025-07-10,Yes,No,94966.91
Marriage,Bangalore,695,2024-02-02,Yes,Yes,128171.8
Corporate,Bangalore,1067,2025-10-14,No,Yes,129198.41
Marriage,Hyderabad,1285,2024-10-13,Yes,No,150326.55
Birthday,Pune,1478,2025-05-28,No,No,113547.85
Marriage,Ahmedabad,4933,2025-01-13,Yes,No,337418.03
Birthday,Ahmedabad,2822,2025-10-01,No,No,176378.33
Marriage,Pune,4762,2025-07-29,No,No,350194.48
Meetup,Cuttack,1457,2024-09-21,No,No,90381.15
Marriage,Cuttack,4252,2024-12-17,Yes,Yes,291969.29
Birthday,Bhubaneswar,1338,2025-09-07,Yes,No,111201.39
Birthday,Ahmedabad,2786,2024-09-13,No,No,174499.52
Corporate,Mumbai,2858,2024-05-26,No,No,256412.05
Corporate,Mumbai,3732,2024-02-14,Yes,No,337716.22
Birthday,Delhi,4928,2024-12-25,Yes,No,382322.99
Meetup,Mumbai,1530,2025-09-16,No,No,131832.91
Meetup,Ahmedabad,2059,2024-09-19,Yes,Yes,157607.81
Birthday,Ahmedabad,1230,2025-10-06,Yes,No,105308.41
Meetup,Ahmedabad,1804,2024-09-11,No,Yes,128147.8
Marriage,Cuttack,2639,2024-05-27,No,Yes,196071.26
Birthday,Pune,1150,2024-04-29,Yes,Yes,121150.0
Birthday,Mumbai,2800,2024-07-05,No,No,231414.97
Marriage,Mumbai,3310,2024-01-13,Yes,No,314731.23
Corporate,Pune,113,2024-04-06,No,Yes,60574.89
Corporate,Bhubaneswar,2771,2025-10-13,No,No,193983.52
Birthday,Bangalore,3300,2025-05-08,Yes,Yes,280309.83
Marriage,Ahmedabad,462,2025-06-07,No,Yes,90250.77
Marriage,Chennai,2543,2024-01-30,No,No,203586.99
Corporate,Chennai,4050,2024-08-13,No,Yes,297739.09
Meetup,Delhi,4637,2024-10-05,Yes,Yes,368442.06
Meetup,Bangalore,2296,2024-12-28,No,No,177436.67
Corporate,Bhubaneswar,2910,2024-06-17,Yes,No,217391.88
Corporate,Cuttack,2797,2025-03-16,Yes,Yes,208174.92
Corporate,Mumbai,1412,2024-09-15,No,No,147856.96
Meetup,Mumbai,4057,2025-11-11,No,No,321694.14
Corporate,Kolkata,3481,2024-05-11,No,Yes,261870.81
Marriage,Chennai,3089,2025-06-29,No,Yes,249895.2
Corporate,Bhubaneswar,792,2024-08-11,Yes,No,99900.72
Corporate,Bhubaneswar,3602,2025-11-01,No,No,239214.56
Birthday,Pune,3552,2025-06-03,Yes,Yes,271400.87
Meetup,Mumbai,3128,2025-11-12,Yes,No,266983.13
Corporate,Ahmedabad,3396,2024-07-08,No,No,228557.65
Corporate,Mumbai,1665,2025-07-20,No,Yes,179431.06
Meetup,Bangalore,1214,2024-04-01,Yes,Yes,128987.34
Corporate,Bangalore,567,2025-10-08,No,No,82143.39
Corporate,Bhubaneswar,4223,2025-07-25,No,Yes,285519.74
Birthday,Hyderabad,1734,2025-10-28,No,Yes,147422.77
Marriage,Mumbai,4315,2025-12-24,Yes,No,390387.05
Corporate,Ahmedabad,4676,2024-12-04,No,No,300056.64
Marriage,Delhi,93,2024-08-18,No,No,58091.33
Meetup,Bhubaneswar,3844,2024-10-01,Yes,No,244310.69
Birthday,Kolkata,3526,2024-11-05,No,No,233769.2
Marriage,Chennai,2270,2024-02-09,No,No,187662.84
Birthday,Cuttack,4486,2025-06-21,No,No,246854.28
Birthday,Bangalore,678,2024-08-16,Yes,Yes,96587.14
Marriage,Cuttack,4338,2025-05-11,No,Yes,281258.97
Marriage,Bhubaneswar,4836,2024-04-13,No,No,317095.82
Meetup,Bhubaneswar,3978,2025-01-03,No,Yes,247223.44
Corporate,Kolkata,3964,2024-03-19,No,Yes,291250.41
Corporate,Delhi,2410,2025-09-09,No,No,211404.54
Birthday,Chennai,3861,2025-08-27,Yes,No,268451.34
Birthday,Cuttack,3340,2024-02-05,Yes,No,203481.87
Meetup,Mumbai,2891,2024-01-14,Yes,No,249247.07
Birthday,Cuttack,4546,2025-10-28,No,Yes,261888.12
Marriage,Bhubaneswar,4413,2025-05-30,No,No,294920.15
Birthday,Kolkata,1946,2025-05-25,Yes,Yes,164774.35
Meetup,Hyderabad,3493,2025-06-11,Yes,Yes,272004.52
Birthday,Mumbai,271,2025-05-27,Yes,No,58143.17
Birthday,Delhi,1771,2024-05-27,No,No,146024.57
Birthday,Ahmedabad,2150,2025-10-14,No,No,140846.35
Meetup,Bhubaneswar,485,2024-07-23,No,No,44180.8
Marriage,Bhubaneswar,931,2024-08-02,No,No,102307.82
Birthday,Bangalore,1327,2025-10-01,Yes,No,130339.05
Marriage,Delhi,1103,2025-12-05,Yes,Yes,155224.82
Meetup,Hyderabad,460,2024-06-09,No,Yes,59286.61
Corporate,Chennai,1232,2024-03-03,Yes,No,131369.32
Birthday,Hyderabad,2362,2024-07-28,No,No,175201.05
Marriage,Bhubaneswar,2473,2024-01-18,Yes,Yes,215620.66
Marriage,Cuttack,3570,2025-07-20,No,No,231048.59
Birthday,Mumbai,705,2025-03-16,Yes,Yes,102836.84
Marriage,Bangalore,2491,2024-02-19,No,No,225963.5
Meetup,Pune,2602,2024-11-11,Yes,Yes,205731.06
Birthday,Mumbai,3788,2025-01-09,Yes,No,320447.04
Marriage,Pune,1797,2024-02-25,Yes,No,179505.77
Birthday,Cuttack,247,2025-11-14,No,Yes,46590.22
Marriage,Bangalore,4427,2025-04-22,No,No,361597.68
Corporate,Pune,2807,2025-01-03,Yes,No,232608.51
Corporate,Delhi,4917,2025-09-21,No,No,385928.3
Marriage,Cuttack,79,2025-12-09,No,No,55537.44
Birthday,Chennai,2287,2025-04-29,No,Yes,170953.66
Meetup,Mumbai,4842,2024-09-15,No,Yes,392442.5
Birthday,Ahmedabad,4704,2025-12-01,Yes,Yes,308457.02
Marriage,Ahmedabad,1936,2025-02-12,No,Yes,171155.08
Marriage,Bhubaneswar,3318,2025-07-20,Yes,Yes,261326.56
Birthday,Chennai,1053,2025-02-17,No,Yes,97489.63
Corporate,Ahmedabad,969,2025-03-03,No,No,94992.54
Birthday,Kolkata,4257,2024-12-17,Yes,Yes,304731.31
Meetup,Mumbai,2301,2025-09-05,Yes,No,203595.88
Corporate,Cuttack,4626,2025-07-14,Yes,Yes,301057.2
Corporate,Bangalore,3779,2025-01-16,No,Yes,318005.01
Birthday,Ahmedabad,4874,2024-08-26,Yes,Yes,317781.35
Meetup,Mumbai,3882,2024-07-12,No,No,307792.82
Meetup,Hyderabad,3950,2025-10-27,No,Yes,285064.19
Meetup,Chennai,4759,2025-08-19,Yes,Yes,330374.61
Birthday,Pune,889,2025-07-14,No,No,77029.37
Corporate,Kolkata,1153,2025-12-07,Yes,No,125616.31
Birthday,Mumbai,154,2024-08-21,No,Yes,45030.3
Birthday,Chennai,246,2025-11-01,Yes,No,52020.66
Birthday,Bhubaneswar,1881,2024-10-13,Yes,Yes,151522.73
Marriage,Cuttack,4023,2024-02-21,No,No,254041.19
Birthday,Cuttack,788,2025-05-23,No,Yes,72958.84
Marriage,Bhubaneswar,1100,2024-05-20,Yes,Yes,139990.75
Meetup,Ahmedabad,1502,2025-06-20,Yes,Yes,127251.22
Meetup,Cuttack,2970,2025-03-20,Yes,Yes,191504.61
Birthday,Chennai,482,2024-02-27,No,No,50558.94
Meetup,Cuttack,1403,2025-03-15,No,Yes,99269.44
Marriage,Bangalore,1408,2024-06-03,Yes,Yes,177027.75
Birthday,Ahmedabad,3337,2025-08-28,Yes,No,219787.45
Meetup,Bhubaneswar,4218,2024-08-28,Yes,No,263541.88
Birthday,Delhi,4643,2025-07-28,No,Yes,359913.94
Marriage,Bhubaneswar,1246,2025-05-15,Yes,Yes,148280.98
Marriage,Mumbai,3260,2025-08-22,Yes,Yes,323792.55
Birthday,Pune,2982,2025-07-24,No,Yes,219698.87
Corporate,Bangalore,865,2024-10-16,No,Yes,113616.91
Meetup,Ahmedabad,3943,2024-06-06,No,Yes,245988.84
Corporate,Bhubaneswar,2797,2025-07-11,No,No,195076.31
Meetup,Pune,1710,2024-03-25,Yes,Yes,151033.64
Corporate,Ahmedabad,3633,2025-11-23,No,Yes,253813.47
Birthday,Chennai,424,2025-09-19,Yes,No,61690.96
Marriage,Delhi,3052,2024-08-02,No,Yes,277160.38
Corporate,Ahmedabad,4259,2024-08-04,Yes,Yes,302716.14
Marriage,Ahmedabad,3891,2024-10-05,No,No,265483.84
Meetup,Bangalore,2645,2024-10-19,No,No,202694.75
Corporate,Mumbai,2545,2024-06-29,Yes,Yes,259248.98
Corporate,Ahmedabad,3568,2025-06-06,No,Yes,250536.56
Meetup,Delhi,4865,2025-07-04,Yes,No,371666.61
Corporate,Chennai,1646,2024-07-11,No,No,139925.09
Marriage,Hyderabad,2645,2024-04-13,No,Yes,236151.68
Marriage,Pune,3562,2024-06-14,No,Yes,287491.48
Corporate,Kolkata,2383,2025-07-25,No,No,185337.33
Corporate,Mumbai,4657,2025-09-21,No,No,390892.14
Marriage,Hyderabad,3333,2025-04-16,Yes,Yes,296335.7
Meetup,Cuttack,2714,2025-06-20,No,No,153669.78
Corporate,Ahmedabad,690,2024-12-10,No,Yes,91953.41
Birthday,Bangalore,4870,2025-12-05,Yes,Yes,389110.24
Marriage,Pune,906,2024-04-16,No,Yes,121011.74
Meetup,Pune,2230,2024-11-18,Yes,Yes,183950.24
Birthday,Delhi,141,2025-08-26,No,Yes,43208.47
Birthday,Bangalore,1590,2024-12-31,Yes,Yes,161016.02
Corporate,Pune,328,2025-02-17,Yes,Yes,90268.95
Marriage,Delhi,4164,2024-01-20,No,Yes,356246.44
Birthday,Chennai,1443,2024-12-30,No,Yes,121406.2
Corporate,Bangalore,3985,2025-06-08,Yes,No,335349.84
Birthday,Delhi,4829,2024-03-03,No,No,360633.99
Marriage,Pune,3493,2024-01-30,No,Yes,282532.04
Corporate,Chennai,3933,2025-03-10,No,Yes,290279.42
Corporate,Cuttack,3175,2024-09-19,No,No,201696.88
Birthday,Hyderabad,1717,2025-11-06,No,No,133117.03
Corporate,Chennai,424,2024-07-18,Yes,No,82999.08
Meetup,Kolkata,4218,2025-07-30,Yes,No,284567.84
Corporate,Hyderabad,2762,2025-02-01,Yes,Yes,248561.21
Marriage,Delhi,841,2025-03-29,Yes,Yes,137520.1
Marriage,Pune,477,2025-03-15,No,Yes,93439.39
Marriage,Pune,3814,2025-05-13,Yes,No,304617.41
Birthday,Kolkata,2748,2024-05-31,Yes,No,201141.64
Meetup,Mumbai,2428,2025-12-08,No,Yes,210996.07
Corporate,Chennai,3666,2025-01-25,No,Yes,273259.31
Meetup,Delhi,199,2024-04-02,No,No,30674.93
Corporate,Ahmedabad,3460,2024-06-11,Yes,No,246519.14
Corporate,Pune,885,2025-07-03,Yes,No,112143.88
Marriage,Chennai,4870,2025-01-16,Yes,No,359457.27
Birthday,Chennai,3915,2024-07-26,Yes,No,271393.88
Birthday,Pune,4343,2025-07-23,Yes,Yes,319826.93
Birthday,Hyderabad,1416,2025-09-01,No,No,114704.94
Birthday,Kolkata,73,2025-01-31,Yes,Yes,53683.75
Corporate,Cuttack,793,2024-09-27,Yes,No,95667.17
Birthday,Kolkata,2286,2024-11-30,No,Yes,171545.27
Birthday,Cuttack,2702,2025-10-23,No,Yes,168727.66
Birthday,Mumbai,4628,2024-03-11,No,No,368373.97
Corporate,Ahmedabad,4637,2025-10-31,Yes,Yes,324684.46
Meetup,Ahmedabad,3444,2025-09-18,No,Yes,218481.58
Birthday,Pune,2182,2024-01-01,No,Yes,171018.47
Meetup,Ahmedabad,1219,2024-05-24,Yes,Yes,111561.75
Birthday,Ahmedabad,4715,2024-06-01,Yes,No,297200.38
Meetup,Kolkata,1731,2024-11-20,Yes,Yes,148775.03
Birthday,Bangalore,4832,2024-11-13,No,No,360054.78
Meetup,Delhi,2096,2025-03-17,Yes,Yes,191212.88
Marriage,Pune,1867,2024-08-08,No,No,168072.0
Meetup,Cuttack,2384,2024-08-05,No,No,136750.73
Corporate,Hyderabad,1448,2025-06-06,Yes,No,150323.44
Birthday,Ahmedabad,1895,2025-02-21,No,Yes,138337.25
Corporate,Hyderabad,2606,2024-09-21,Yes,No,226986.38
Corporate,Hyderabad,4568,2025-01-02,Yes,No,353020.16
Meetup,Mumbai,1390,2024-07-25,No,Yes,133166.8
Corporate,Bhubaneswar,457,2024-04-05,Yes,Yes,94388.21
Meetup,Hyderabad,2751,2025-12-28,No,No,194916.06
Marriage,Pune,4195,2025-03-30,No,No,315083.35
Birthday,Bhubaneswar,1854,2025-05-14,Yes,Yes,151223.54
Marriage,Cuttack,3452,2024-10-22,No,Yes,235963.58
Corporate,Kolkata,1406,2025-03-01,Yes,Yes,153910.3
Meetup,Mumbai,2184,2025-05-28,No,Yes,193552.66
Corporate,Pune,3608,2025-02-10,Yes,Yes,293949.7
Corporate,Pune,3885,2024-07-12,No,No,284969.97
Meetup,Chennai,1901,2024-09-22,No,Yes,143077.34
Corporate,Cuttack,1952,2024-07-15,Yes,No,154286.27
Meetup,Hyderabad,1509,2024-11-05,Yes,Yes,143072.66
Marriage,Delhi,3802,2025-06-10,No,Yes,329292.39
Birthday,Kolkata,3137,2025-10-26,No,No,209418.6
Meetup,Kolkata,2163,2025-08-02,No,Yes,159596.2
Corporate,Bangalore,357,2024-04-22,No,Yes,79111.09
Marriage,Ahmedabad,3201,2024-04-17,No,Yes,239512.91
Birthday,Mumbai,2779,2024-05-03,Yes,Yes,257695.63
Marriage,Bangalore,2402,2024-09-06,Yes,Yes,246616.64
Corporate,Cuttack,2774,2024-10-09,Yes,Yes,208406.84
Meetup,Bangalore,4803,2024-01-30,No,No,352322.1
Birthday,Bhubaneswar,1899,2024-06-18,Yes,Yes,152836.65
Corporate,Bhubaneswar,2619,2025-10-01,Yes,No,201246.91
Meetup,Delhi,2877,2024-07-03,Yes,No,234020.65
Marriage,Bhubaneswar,930,2025-06-15,No,Yes,114245.97
Meetup,Pune,1107,2024-04-03,No,Yes,98538.08
Marriage,Cuttack,1571,2025-02-07,Yes,Yes,157793.25
Meetup,Cuttack,1452,2024-12-30,No,No,89738.48
Meetup,Kolkata,479,2024-12-23,Yes,No,59791.57
Corporate,Bhubaneswar,1603,2024-01-11,Yes,Yes,157010.9
Birthday,Hyderabad,2569,2025-12-23,Yes,Yes,215582.24
Birthday,Hyderabad,178,2025-05-23,Yes,Yes,60266.63
Meetup,Bangalore,1581,2025-08-19,Yes,Yes,154403.24
Marriage,Ahmedabad,2471,2025-09-17,No,Yes,200879.09
Marriage,Cuttack,597,2024-03-30,No,Yes,94102.97
Meetup,Bangalore,1714,2024-02-09,No,No,137801.64
Birthday,Chennai,4464,2025-06-04,No,No,289123.77
Birthday,Hyderabad,177,2025-09-14,Yes,Yes,59793.81
Meetup,Bhubaneswar,119,2024-06-24,Yes,No,38525.92
Meetup,Kolkata,461,2025-03-11,Yes,Yes,72186.12
Birthday,Pune,4291,2024-05-04,Yes,Yes,317402.59
Meetup,Chennai,828,2025-08-15,Yes,Yes,93641.38
Marriage,Chennai,4228,2025-04-29,Yes,No,321012.15
Marriage,Hyderabad,585,2025-02-12,Yes,Yes,117094.5
Marriage,Bangalore,2782,2024-08-30,Yes,No,262021.72
Corporate,Cuttack,1495,2025-09-18,No,Yes,128071.35
Birthday,Bangalore,4352,2025-07-11,Yes,Yes,354489.15
Birthday,Cuttack,2094,2024-09-02,Yes,Yes,152952.05
Marriage,Cuttack,3143,2024-01-27,Yes,Yes,237132.12
Meetup,Mumbai,4316,2024-07-29,Yes,Yes,367485.1
Meetup,Delhi,4509,2025-04-16,Yes,No,347087.35
Birthday,Cuttack,2162,2024-08-17,Yes,No,144485.03
Meetup,Hyderabad,4459,2025-08-19,Yes,No,321983.64
Marriage,Pune,4748,2025-03-14,Yes,Yes,375874.34
Marriage,Ahmedabad,2308,2024-07-16,No,No,178773.64
Meetup,Pune,851,2024-11-24,Yes,No,85088.9
Birthday,Mumbai,4059,2025-04-18,No,No,326259.42
Corporate,Hyderabad,3752,2025-09-07,Yes,Yes,312389.16
Meetup,Delhi,1114,2025-02-21,Yes,No,109478.02
Meetup,Delhi,2077,2024-03-16,Yes,Yes,189620.78
Birthday,Cuttack,755,2024-02-03,No,Yes,72080.86
Birthday,Cuttack,1974,2025-01-05,Yes,Yes,147137.39
Marriage,Chennai,4014,2024-10-17,No,Yes,304518.06
Marriage,Bangalore,2778,2024-11-27,No,Yes,258605.43
Marriage,Kolkata,4191,2025-08-14,No,Yes,315837.18
Marriage,Bhubaneswar,3606,2025-09-03,No,No,249428.5
Meetup,Pune,4481,2025-11-01,No,Yes,309262.49
Corporate,Chennai,3867,2024-07-24,Yes,No,288682.79
Birthday,Mumbai,2206,2025-09-23,Yes,Yes,213682.46
Marriage,Chennai,3676,2025-05-03,Yes,No,287389.23
Marriage,Hyderabad,734,2025-10-07,Yes,No,114343.49
Corporate,Kolkata,1251,2024-03-07,No,No,117913.96
Birthday,Hyderabad,2188,2025-02-22,Yes,Yes,191286.3
Birthday,Chennai,1666,2025-02-12,No,No,122073.22
Corporate,Hyderabad,2794,2025-10-05,Yes,No,239389.17
Corporate,Bangalore,949,2024-05-21,Yes,No,122606.24
Meetup,Kolkata,4534,2024-05-31,Yes,No,303487.53
Corporate,Delhi,2322,2025-12-01,Yes,No,220125.34
Meetup,Bangalore,4424,2025-02-18,Yes,Yes,353319.34
Meetup,Bhubaneswar,3386,2025-11-29,No,Yes,215076.53
Corporate,Cuttack,3408,2024-10-31,Yes,No,226460.36
Meetup,Delhi,1244,2025-03-29,No,No,104640.82
Meetup,Chennai,3558,2025-11-14,No,Yes,243287.41
Meetup,Kolkata,2705,2025-06-17,No,No,178730.34
Birthday,Bhubaneswar,2912,2024-06-18,Yes,No,197367.22
Meetup,Mumbai,1594,2025-03-29,No,Yes,149336.61
Corporate,Bhubaneswar,490,2025-12-24,No,No,69895.78
Meetup,Bhubaneswar,2792,2024-07-29,No,Yes,183039.32
Corporate,Pune,3623,2025-06-21,No,No,267914.97
Corporate,Ahmedabad,1284,2024-05-22,Yes,Yes,139451.16
Corporate,Delhi,4201,2025-10-02,No,Yes,348782.55
Corporate,Cuttack,4008,2024-05-07,No,Yes,254401.14
Birthday,Pune,2812,2025-02-14,Yes,Yes,224718.08
Meetup,Chennai,4027,2024-01-24,Yes,No,273259.14
Marriage,Hyderabad,2817,2025-06-01,Yes,No,249449.13
Birthday,Delhi,2053,2025-06-01,Yes,No,181139.7
Birthday,Bangalore,831,2025-02-16,Yes,Yes,107375.1
Meetup,Ahmedabad,4881,2025-09-18,Yes,Yes,311899.33
Corporate,Ahmedabad,4571,2025-11-22,No,No,292525.52
Corporate,Kolkata,2106,2024-05-25,No,No,168228.33
Corporate,Kolkata,3965,2025-05-11,Yes,No,294844.1
Marriage,Hyderabad,1315,2025-10-30,No,Yes,150200.54
Meetup,Chennai,3996,2024-11-07,Yes,No,270879.26
Birthday,Ahmedabad,575,2025-08-22,No,No,53216.36
Corporate,Chennai,3796,2025-01-07,Yes,No,283953.44
Corporate,Kolkata,2244,2025-12-24,Yes,Yes,204079.0
Corporate,Kolkata,3241,2024-11-23,No,No,237279.96
Meetup,Mumbai,63,2024-10-02,No,Yes,34071.45
Meetup,Mumbai,699,2024-01-02,Yes,No,84730.02
Birthday,Pune,339,2025-07-19,Yes,Yes,70798.57
Birthday,Delhi,3021,2025-02-23,Yes,No,247995.65
Marriage,Bangalore,233,2025-07-24,Yes,Yes,94997.68
Corporate,Hyderabad,2023,2024-03-14,Yes,Yes,199890.51
Meetup,Chennai,2950,2024-10-17,Yes,No,208110.37
Meetup,Chennai,1580,2025-11-20,Yes,No,126323.64
Marriage,Mumbai,858,2024-10-06,No,No,115505.46
Birthday,Chennai,1831,2024-05-23,No,Yes,144531.42
Meetup,Bangalore,4285,2024-06-13,No,No,316296.23
Meetup,Pune,890,2024-04-30,No,No,72542.04
Birthday,Ahmedabad,3719,2025-09-13,No,No,226544.67
Corporate,Hyderabad,1285,2025-07-04,No,No,125963.56
Corporate,Delhi,4697,2025-11-13,Yes,Yes,397158.78
Corporate,Pune,1105,2025-11-05,No,No,111087.01
Corporate,Chennai,3745,2024-09-18,Yes,No,281735.44
Birthday,Chennai,1035,2024-02-18,No,No,84891.1
Meetup,Cuttack,3045,2025-06-04,Yes,No,184388.96
Birthday,Kolkata,3551,2025-05-07,No,No,235322.94
Meetup,Bangalore,2605,2025-08-22,Yes,Yes,226320.41
Corporate,Bhubaneswar,2293,2025-12-26,Yes,Yes,195460.96
Meetup,Bhubaneswar,2226,2025-03-04,Yes,Yes,166343.6
Birthday,Mumbai,720,2025-02-01,No,No,75548.66
Marriage,Pune,4910,2025-03-24,No,No,358621.62
Marriage,Mumbai,503,2025-10-08,No,No,89314.82
Meetup,Cuttack,3280,2025-01-13,Yes,No,195559.05
Birthday,Bhubaneswar,1957,2024-12-24,No,Yes,142498.22
Corporate,Pune,368,2024-12-20,Yes,Yes,92068.41
Birthday,Ahmedabad,3698,2024-10-10,No,Yes,236476.85
Marriage,Chennai,941,2025-12-17,Yes,Yes,136016.99
Birthday,Cuttack,1649,2024-12-26,No,No,104845.46
Meetup,Mumbai,2958,2024-09-13,No,Yes,249879.26
Corporate,Kolkata,831,2025-11-05,Yes,No,107342.1
Birthday,Cuttack,550,2025-08-25,Yes,No,64365.92
Birthday,Kolkata,3287,2024-11-23,No,Yes,232082.71
Marriage,Chennai,1535,2024-07-12,No,No,144742.76
Meetup,Hyderabad,779,2024-09-16,Yes,Yes,94417.98
Meetup,Bangalore,1798,2025-04-22,No,No,142720.45
Corporate,Bangalore,1879,2025-06-02,No,No,173160.97
Corporate,Cuttack,3792,2024-05-18,No,Yes,243509.96
Marriage,Kolkata,2815,2025-12-26,Yes,Yes,248386.07
Meetup,Cuttack,4598,2025-08-11,Yes,Yes,273060.39
Marriage,Kolkata,2401,2024-01-25,Yes,No,210241.74
Birthday,Delhi,2737,2025-08-26,Yes,Yes,240862.6
Birthday,Chennai,4894,2025-08-22,No,Yes,327509.73
Birthday,Pune,2850,2024-10-25,Yes,No,214974.6
Marriage,Chennai,2364,2025-12-24,No,No,194443.91
Marriage,Cuttack,2029,2024-09-29,No,Yes,165705.6
Birthday,Delhi,4590,2025-12-28,No,No,342396.75
Marriage,Bhubaneswar,1420,2025-12-02,No,Yes,141315.33
Marriage,Bhubaneswar,2642,2025-02-22,Yes,Yes,224983.1
Birthday,Chennai,3979,2024-12-28,Yes,No,275495.54
Meetup,Cuttack,3478,2024-10-17,Yes,Yes,217013.23
Birthday,Ahmedabad,1265,2025-04-17,Yes,Yes,117851.82
Marriage,Pune,2111,2024-04-13,No,No,183858.13
Corporate,Chennai,320,2024-02-20,Yes,Yes,89095.37
Meetup,Bangalore,4667,2024-10-19,No,Yes,355817.39
Corporate,Bhubaneswar,861,2024-04-14,No,No,90164.44
Marriage,Delhi,2274,2025-03-25,No,No,211232.78
Birthday,Cuttack,4558,2024-03-06,Yes,No,264044.66
Marriage,Hyderabad,1358,2025-12-16,No,Yes,152015.82
Birthday,Pune,4015,2025-06-24,Yes,Yes,300457.0
Birthday,Mumbai,2354,2024-07-31,Yes,Yes,225849.51
Meetup,Ahmedabad,2782,2025-10-21,No,No,169161.85
Meetup,Bhubaneswar,688,2025-06-27,No,Yes,66127.17
Meetup,Cuttack,2001,2024-07-18,Yes,No,132186.53
Meetup,Pune,2664,2024-01-04,No,Yes,195883.43
Birthday,Kolkata,682,2024-01-10,No,Yes,75296.74
Birthday,Cuttack,3206,2025-01-13,No,No,182295.87
Meetup,Delhi,3968,2025-12-19,Yes,No,309064.17
Corporate,Hyderabad,776,2024-12-01,No,Yes,104912.33
Marriage,Pune,901,2025-10-20,No,Yes,119693.62
Marriage,Ahmedabad,2478,2025-05-02,No,Yes,199508.52
Marriage,Ahmedabad,2976,2025-01-10,Yes,Yes,242939.0
Meetup,Kolkata,826,2025-12-18,No,Yes,78501.73
Corporate,Cuttack,3543,2024-11-02,Yes,No,234975.66
Birthday,Hyderabad,2552,2024-05-26,No,No,188331.6
Meetup,Ahmedabad,3818,2025-10-24,Yes,No,241348.83
Meetup,Bangalore,3483,2024-07-05,Yes,Yes,286837.24
Marriage,Mumbai,4190,2025-10-30,Yes,No,381786.39
Meetup,Delhi,276,2024-07-14,No,No,36366.55
Corporate,Ahmedabad,2494,2024-03-28,No,Yes,190817.36
Marriage,Ahmedabad,1386,2025-07-25,Yes,Yes,155037.42
Marriage,Ahmedabad,2938,2025-09-16,Yes,Yes,240703.98
Meetup,Pune,998,2024-03-22,Yes,Yes,107228.82
Corporate,Bhubaneswar,2430,2024-08-10,No,No,175460.4
Corporate,Ahmedabad,820,2025-09-02,Yes,No,102292.1
Marriage,Hyderabad,1367,2025-04-01,Yes,No,155803.85
Birthday,Cuttack,1884,2025-10-12,No,No,115246.37
Corporate,Bangalore,2039,2024-01-05,Yes,No,200268.42
Birthday,Bangalore,3664,2025-07-20,No,Yes,289639.12
Meetup,Delhi,3238,2025-10-24,Yes,Yes,270684.45
Meetup,Ahmedabad,2032,2024-05-26,No,Yes,140573.31
Marriage,Pune,2508,2024-12-31,No,Yes,221749.26
Marriage,Delhi,1060,2025-01-15,No,No,125439.11
Corporate,Bhubaneswar,1561,2024-01-31,Yes,Yes,154578.16
Marriage,Hyderabad,494,2024-09-14,Yes,No,98813.69
Birthday,Mumbai,861,2024-03-25,No,No,85713.55
Marriage,Pune,2744,2025-10-17,Yes,No,237993.49
Meetup,Hyderabad,1975,2024-07-23,Yes,Yes,171655.87
Fashion Show,Mumbai,500,2025-03-15,Yes,Yes,185000.50
Fashion Show,Delhi,400,2025-04-20,Yes,No,162000.75
Fashion Show,Bangalore,350,2025-06-10,No,Yes,145000.30
Fashion Show,Hyderabad,300,2025-07-05,Yes,Yes,138500.20
Fashion Show,Chennai,250,2024-11-18,No,No,112000.45
Fashion Show,Kolkata,280,2025-01-22,Yes,No,125600.80
Fashion Show,Pune,320,2024-09-30,No,Yes,132000.60
Fashion Show,Mumbai,450,2025-05-12,Yes,Yes,178000.90
Fashion Show,Delhi,380,2024-12-08,Yes,No,155000.35
Fashion Show,Bangalore,200,2025-08-25,No,No,98000.15
Fashion Show,Hyderabad,600,2025-02-14,Yes,Yes,210000.00
Fashion Show,Chennai,420,2024-10-22,Yes,No,168000.40
Fashion Show,Pune,350,2025-09-18,No,Yes,142000.55
Fashion Show,Mumbai,480,2024-08-05,Yes,Yes,192000.70
Fashion Show,Delhi,300,2025-11-30,No,No,128000.25
Fashion Show,Kolkata,260,2024-07-14,Yes,Yes,118500.90
Fashion Show,Bangalore,400,2025-03-28,Yes,No,160000.00
Fashion Show,Ahmedabad,350,2024-06-19,No,Yes,140000.85
Fashion Show,Bhubaneswar,220,2025-04-07,Yes,No,105000.50
Fashion Show,Mumbai,550,2024-12-25,Yes,Yes,198000.40
Sports,Mumbai,5000,2025-01-10,Yes,Yes,320000.50
Sports,Bangalore,3000,2025-03-22,No,Yes,245000.30
Sports,Delhi,8000,2024-11-05,Yes,No,480000.75
Sports,Hyderabad,4000,2025-06-15,Yes,Yes,310000.20
Sports,Pune,500,2024-09-20,No,No,145000.45
Sports,Kolkata,6000,2025-02-28,Yes,Yes,385000.80
Sports,Chennai,2000,2024-12-12,No,Yes,195000.60
Sports,Bhubaneswar,1500,2025-07-08,Yes,No,165000.90
Sports,Ahmedabad,10000,2024-10-30,Yes,Yes,550000.35
Sports,Mumbai,800,2025-04-18,No,No,128000.15
Sports,Delhi,3500,2025-08-14,Yes,Yes,275000.00
Sports,Bangalore,2500,2024-07-25,No,Yes,215000.40
Sports,Kolkata,4500,2025-11-20,Yes,No,340000.55
Sports,Hyderabad,1800,2024-06-30,No,No,175000.70
Sports,Pune,7000,2025-01-25,Yes,Yes,420000.25
Sports,Chennai,3200,2024-12-05,Yes,No,258000.90
Sports,Mumbai,2200,2025-05-10,No,Yes,200000.00
Sports,Ahmedabad,5500,2024-08-18,Yes,Yes,365000.85
Sports,Bhubaneswar,900,2025-09-14,No,No,135000.50
Sports,Delhi,6500,2024-11-28,Yes,Yes,410000.40
Festival,Mumbai,5000,2025-12-31,Yes,Yes,350000.50
Festival,Delhi,2000,2025-10-20,No,Yes,195000.30
Festival,Bangalore,1500,2024-11-14,Yes,No,165000.75
Festival,Hyderabad,3000,2025-03-08,Yes,Yes,255000.20
Festival,Pune,1800,2024-09-25,No,No,148000.45
Festival,Kolkata,4000,2025-10-12,Yes,Yes,310000.80
Festival,Chennai,2500,2024-12-28,No,Yes,210000.60
Festival,Bhubaneswar,1200,2025-01-15,Yes,No,135000.90
Festival,Ahmedabad,3500,2024-10-05,Yes,Yes,275000.35
Festival,Mumbai,10000,2025-12-25,No,No,520000.15
Festival,Delhi,4500,2025-11-08,Yes,Yes,340000.00
Festival,Bangalore,2200,2024-06-22,No,Yes,195000.40
Festival,Kolkata,3800,2025-10-28,Yes,No,290000.55
Festival,Hyderabad,1600,2024-07-15,No,No,152000.70
Festival,Pune,6000,2025-01-01,Yes,Yes,380000.25
Festival,Chennai,2800,2024-12-15,Yes,No,235000.90
Festival,Mumbai,7500,2025-03-20,No,Yes,425000.00
Festival,Ahmedabad,2000,2024-08-10,Yes,Yes,180000.85
Festival,Bhubaneswar,1400,2025-09-05,No,No,140000.50
Festival,Delhi,5500,2024-11-22,Yes,Yes,360000.40
Charity,Mumbai,300,2025-02-14,Yes,Yes,125000.50
Charity,Delhi,500,2025-04-22,No,Yes,98000.30
Charity,Bangalore,400,2024-11-10,Yes,No,105000.75
Charity,Hyderabad,250,2025-06-18,No,No,85000.20
Charity,Pune,1000,2024-09-28,Yes,Yes,145000.45
Charity,Kolkata,600,2025-03-05,No,Yes,110000.80
Charity,Chennai,800,2024-12-20,Yes,No,128000.60
Charity,Bhubaneswar,350,2025-01-30,No,No,92000.90
Charity,Ahmedabad,450,2024-10-15,Yes,Yes,108000.35
Charity,Mumbai,700,2025-05-08,No,Yes,118000.15
Charity,Delhi,550,2025-08-12,Yes,Yes,112000.00
Charity,Bangalore,380,2024-07-20,No,No,95000.40
Charity,Kolkata,900,2025-11-25,Yes,Yes,138000.55
Charity,Hyderabad,200,2024-06-28,No,Yes,78000.70
Charity,Pune,650,2025-02-10,Yes,No,115000.25
Charity,Chennai,420,2024-12-08,Yes,Yes,102000.90
Charity,Mumbai,500,2025-04-05,No,No,96000.00
Charity,Ahmedabad,300,2024-08-22,Yes,Yes,88000.85
Charity,Bhubaneswar,280,2025-09-18,No,No,82000.50
Charity,Delhi,750,2024-11-30,Yes,Yes,125000.40